Date_Time,squeeze,predict_squeeze
2019-01-14 08:45:00,1,0
2019-01-14 09:00:00,1,0
2019-01-14 09:15:00,1,1
2019-01-14 09:30:00,1,1
2019-01-14 09:45:00,1,1
2019-01-14 10:00:00,1,1
2019-01-14 10:15:00,1,1
2019-01-14 10:30:00,1,1
2019-01-14 10:45:00,1,1
2019-01-14 11:00:00,1,1
2019-01-14 11:15:00,1,1
2019-01-14 11:30:00,1,1
2019-01-14 11:45:00,1,1
2019-01-14 12:00:00,0,1
2019-01-14 12:15:00,0,1
2019-01-14 12:30:00,0,1
2019-01-14 12:45:00,0,1
2019-01-14 13:00:00,1,1
2019-01-14 13:15:00,1,1
2019-01-14 13:30:00,1,1
2019-01-14 13:45:00,1,1
2019-01-14 14:00:00,1,1
2019-01-14 14:15:00,1,1
2019-01-14 14:30:00,1,1
2019-01-14 14:45:00,1,1
2019-01-14 15:00:00,1,1
2019-01-15 08:45:00,1,1
2019-01-15 09:00:00,0,1
2019-01-15 09:15:00,0,0
2019-01-15 09:30:00,0,0
2019-01-15 09:45:00,0,0
2019-01-15 10:00:00,0,0
2019-01-15 10:15:00,0,0
2019-01-15 10:30:00,0,0
2019-01-15 10:45:00,0,0
2019-01-15 11:00:00,0,0
2019-01-15 11:15:00,0,0
2019-01-15 11:30:00,0,0
2019-01-15 11:45:00,0,0
2019-01-15 12:00:00,0,0
2019-01-15 12:15:00,0,0
2019-01-15 12:30:00,0,0
2019-01-15 12:45:00,0,0
2019-01-15 13:00:00,0,0
2019-01-15 13:15:00,0,0
2019-01-15 13:30:00,0,0
2019-01-15 13:45:00,0,0
2019-01-15 14:00:00,0,0
2019-01-15 14:15:00,0,0
2019-01-15 14:30:00,0,0
2019-01-15 14:45:00,0,0
2019-01-15 15:00:00,0,0
2019-01-16 08:45:00,1,0
2019-01-16 09:00:00,1,0
2019-01-16 09:15:00,1,0
2019-01-16 09:30:00,1,0
2019-01-16 09:45:00,1,0
2019-01-16 10:00:00,1,0
2019-01-16 10:15:00,1,0
2019-01-16 10:30:00,1,0
2019-01-16 10:45:00,0,0
2019-01-16 11:00:00,0,0
2019-01-16 11:15:00,0,0
2019-01-16 11:30:00,0,0
2019-01-16 11:45:00,0,0
2019-01-16 12:00:00,0,0
2019-01-16 12:15:00,0,0
2019-01-16 12:30:00,0,0
2019-01-16 12:45:00,0,1
2019-01-16 13:00:00,0,1
2019-01-16 13:15:00,0,0
2019-01-16 13:30:00,0,0
2019-01-16 13:45:00,0,0
2019-01-16 14:00:00,0,0
2019-01-16 14:15:00,0,0
2019-01-16 14:30:00,0,0
2019-01-16 14:45:00,1,0
2019-01-16 15:00:00,1,0
2019-01-17 08:45:00,1,0
2019-01-17 09:00:00,1,0
2019-01-17 09:15:00,1,0
2019-01-17 09:30:00,0,0
2019-01-17 09:45:00,0,0
2019-01-17 10:00:00,0,0
2019-01-17 10:15:00,0,0
2019-01-17 10:30:00,0,0
2019-01-17 10:45:00,0,0
2019-01-17 11:00:00,0,0
2019-01-17 11:15:00,0,1
2019-01-17 11:30:00,0,1
2019-01-17 11:45:00,0,1
2019-01-17 12:00:00,0,1
2019-01-17 12:15:00,0,1
2019-01-17 12:30:00,0,1
2019-01-17 12:45:00,0,0
2019-01-17 13:00:00,1,1
2019-01-17 13:15:00,1,1
2019-01-17 13:30:00,1,1
2019-01-17 13:45:00,0,1
2019-01-17 14:00:00,0,0
2019-01-17 14:15:00,0,0
2019-01-17 14:30:00,0,0
2019-01-17 14:45:00,0,0
2019-01-17 15:00:00,1,0
2019-01-18 08:45:00,1,0
2019-01-18 09:00:00,1,0
2019-01-18 09:15:00,1,0
2019-01-18 09:30:00,1,0
2019-01-18 09:45:00,0,0
2019-01-18 10:00:00,0,0
2019-01-18 10:15:00,0,0
2019-01-18 10:30:00,0,0
2019-01-18 10:45:00,0,0
2019-01-18 11:00:00,0,1
2019-01-18 11:15:00,0,1
2019-01-18 11:30:00,0,1
2019-01-18 11:45:00,0,1
2019-01-18 12:00:00,0,1
2019-01-18 12:15:00,0,1
2019-01-18 12:30:00,0,1
2019-01-18 12:45:00,0,1
2019-01-18 13:00:00,0,1
2019-01-18 13:15:00,0,1
2019-01-18 13:30:00,0,1
2019-01-18 13:45:00,0,1
2019-01-18 14:00:00,0,1
2019-01-18 14:15:00,0,1
2019-01-18 14:30:00,1,1
2019-01-18 14:45:00,1,1
2019-01-18 15:00:00,1,1
2019-01-22 08:45:00,1,1
2019-01-22 09:00:00,0,1
2019-01-22 09:15:00,0,1
2019-01-22 09:30:00,0,1
2019-01-22 09:45:00,0,0
2019-01-22 10:00:00,0,0
2019-01-22 10:15:00,0,1
2019-01-22 10:30:00,0,1
2019-01-22 10:45:00,0,1
2019-01-22 11:00:00,0,1
2019-01-22 11:15:00,0,1
2019-01-22 11:30:00,0,0
2019-01-22 11:45:00,0,1
2019-01-22 12:00:00,0,1
2019-01-22 12:15:00,0,1
2019-01-22 12:30:00,0,0
2019-01-22 12:45:00,0,0
2019-01-22 13:00:00,0,0
2019-01-22 13:15:00,0,0
2019-01-22 13:30:00,1,0
2019-01-22 13:45:00,1,1
2019-01-22 14:00:00,1,0
2019-01-22 14:15:00,0,0
2019-01-22 14:30:00,0,0
2019-01-22 14:45:00,0,0
2019-01-22 15:00:00,1,0
2019-01-23 08:45:00,1,0
2019-01-23 09:00:00,1,0
2019-01-23 09:15:00,1,0
2019-01-23 09:30:00,1,0
2019-01-23 09:45:00,0,0
2019-01-23 10:00:00,1,0
2019-01-23 10:15:00,1,0
2019-01-23 10:30:00,1,0
2019-01-23 10:45:00,1,0
2019-01-23 11:00:00,1,1
2019-01-23 11:15:00,1,0
2019-01-23 11:30:00,0,0
2019-01-23 11:45:00,0,0
2019-01-23 12:00:00,1,1
2019-01-23 12:15:00,1,1
2019-01-23 12:30:00,1,1
2019-01-23 12:45:00,1,1
2019-01-23 13:00:00,1,1
2019-01-23 13:15:00,1,1
2019-01-23 13:30:00,0,1
2019-01-23 13:45:00,0,1
2019-01-23 14:00:00,0,0
2019-01-23 14:15:00,1,1
2019-01-23 14:30:00,1,1
2019-01-23 14:45:00,1,0
2019-01-23 15:00:00,1,0
2019-01-24 08:45:00,1,0
2019-01-24 09:00:00,1,0
2019-01-24 09:15:00,1,0
2019-01-24 09:30:00,1,0
2019-01-24 09:45:00,1,0
2019-01-24 10:00:00,1,1
2019-01-24 10:15:00,1,1
2019-01-24 10:30:00,1,0
2019-01-24 10:45:00,1,1
2019-01-24 11:00:00,1,0
2019-01-24 11:15:00,1,0
2019-01-24 11:30:00,1,1
2019-01-24 11:45:00,1,1
2019-01-24 12:00:00,1,1
2019-01-24 12:15:00,1,1
2019-01-24 12:30:00,1,1
2019-01-24 12:45:00,1,1
2019-01-24 13:00:00,1,1
2019-01-24 13:15:00,1,1
2019-01-24 13:30:00,1,1
2019-01-24 13:45:00,1,1
2019-01-24 14:00:00,1,1
2019-01-24 14:15:00,1,1
2019-01-24 14:30:00,1,1
2019-01-24 14:45:00,1,1
2019-01-24 15:00:00,1,0
2019-01-25 08:45:00,1,0
2019-01-25 09:00:00,0,0
2019-01-25 09:15:00,0,0
2019-01-25 09:30:00,0,1
2019-01-25 09:45:00,0,0
2019-01-25 10:00:00,0,0
2019-01-25 10:15:00,0,1
2019-01-25 10:30:00,0,1
2019-01-25 10:45:00,0,0
2019-01-25 11:00:00,0,1
2019-01-25 11:15:00,0,1
2019-01-25 11:30:00,0,1
2019-01-25 11:45:00,0,0
2019-01-25 12:00:00,0,0
2019-01-25 12:15:00,0,0
2019-01-25 12:30:00,0,1
2019-01-25 12:45:00,0,1
2019-01-25 13:00:00,0,1
2019-01-25 13:15:00,0,1
2019-01-25 13:30:00,1,1
2019-01-25 13:45:00,1,1
2019-01-25 14:00:00,1,1
2019-01-25 14:15:00,1,1
2019-01-25 14:30:00,1,1
2019-01-25 14:45:00,1,1
2019-01-25 15:00:00,1,1
2019-01-28 08:45:00,1,1
2019-01-28 09:00:00,0,1
2019-01-28 09:15:00,0,1
2019-01-28 09:30:00,0,1
2019-01-28 09:45:00,0,1
2019-01-28 10:00:00,0,1
2019-01-28 10:15:00,0,1
2019-01-28 10:30:00,0,1
2019-01-28 10:45:00,0,1
2019-01-28 11:00:00,0,1
2019-01-28 11:15:00,0,1
2019-01-28 11:30:00,1,1
2019-01-28 11:45:00,1,1
2019-01-28 12:00:00,1,1
2019-01-28 12:15:00,1,1
2019-01-28 12:30:00,1,1
2019-01-28 12:45:00,1,1
2019-01-28 13:00:00,1,1
2019-01-28 13:15:00,1,1
2019-01-28 13:30:00,1,1
2019-01-28 13:45:00,1,1
2019-01-28 14:00:00,1,1
2019-01-28 14:15:00,1,1
2019-01-28 14:30:00,0,1
2019-01-28 14:45:00,0,1
2019-01-28 15:00:00,0,1
2019-01-29 08:45:00,0,1
2019-01-29 09:00:00,0,1
2019-01-29 09:15:00,0,1
2019-01-29 09:30:00,0,1
2019-01-29 09:45:00,0,1
2019-01-29 10:00:00,0,1
2019-01-29 10:15:00,0,1
2019-01-29 10:30:00,0,1
2019-01-29 10:45:00,0,1
2019-01-29 11:00:00,0,1
2019-01-29 11:15:00,0,1
2019-01-29 11:30:00,0,1
2019-01-29 11:45:00,0,1
2019-01-29 12:00:00,0,1
2019-01-29 12:15:00,1,1
2019-01-29 12:30:00,1,1
2019-01-29 12:45:00,1,1
2019-01-29 13:00:00,1,1
2019-01-29 13:15:00,1,1
2019-01-29 13:30:00,1,1
2019-01-29 13:45:00,1,1
2019-01-29 14:00:00,1,1
2019-01-29 14:15:00,1,1
2019-01-29 14:30:00,1,1
2019-01-29 14:45:00,1,1
2019-01-29 15:00:00,1,1
2019-01-30 08:45:00,1,1
2019-01-30 09:00:00,1,1
2019-01-30 09:15:00,1,1
2019-01-30 09:30:00,1,1
2019-01-30 09:45:00,1,1
2019-01-30 10:00:00,1,1
2019-01-30 10:15:00,1,1
2019-01-30 10:30:00,1,1
2019-01-30 10:45:00,1,1
2019-01-30 11:00:00,1,1
2019-01-30 11:15:00,1,1
2019-01-30 11:30:00,1,1
2019-01-30 11:45:00,1,1
2019-01-30 12:00:00,1,1
2019-01-30 12:15:00,1,1
2019-01-30 12:30:00,1,1
2019-01-30 12:45:00,1,1
2019-01-30 13:00:00,1,1
2019-01-30 13:15:00,1,1
2019-01-30 13:30:00,1,1
2019-01-30 13:45:00,0,0
2019-01-30 14:00:00,0,1
2019-01-30 14:15:00,0,0
2019-01-30 14:30:00,0,0
2019-01-30 14:45:00,0,1
2019-01-30 15:00:00,1,1
2019-01-31 08:45:00,0,1
2019-01-31 09:00:00,0,1
2019-01-31 09:15:00,0,1
2019-01-31 09:30:00,0,0
2019-01-31 09:45:00,0,0
2019-01-31 10:00:00,0,0
2019-01-31 10:15:00,0,0
2019-01-31 10:30:00,0,0
2019-01-31 10:45:00,0,0
2019-01-31 11:00:00,0,0
2019-01-31 11:15:00,0,0
2019-01-31 11:30:00,0,0
2019-01-31 11:45:00,0,1
2019-01-31 12:00:00,0,0
2019-01-31 12:15:00,0,1
2019-01-31 12:30:00,0,1
2019-01-31 12:45:00,0,1
2019-01-31 13:00:00,0,1
2019-01-31 13:15:00,1,1
2019-01-31 13:30:00,1,1
2019-01-31 13:45:00,1,1
2019-01-31 14:00:00,1,1
2019-01-31 14:15:00,1,1
2019-01-31 14:30:00,1,1
2019-01-31 14:45:00,1,0
2019-01-31 15:00:00,1,0
2019-02-01 08:45:00,0,0
2019-02-01 09:00:00,0,0
2019-02-01 09:15:00,0,0
2019-02-01 09:30:00,0,0
2019-02-01 09:45:00,0,0
2019-02-01 10:00:00,0,1
2019-02-01 10:15:00,0,1
2019-02-01 10:30:00,0,1
2019-02-01 10:45:00,0,1
2019-02-01 11:00:00,0,1
2019-02-01 11:15:00,0,1
2019-02-01 11:30:00,0,1
2019-02-01 11:45:00,0,1
2019-02-01 12:00:00,0,1
2019-02-01 12:15:00,0,1
2019-02-01 12:30:00,0,1
2019-02-01 12:45:00,0,1
2019-02-01 13:00:00,0,1
2019-02-01 13:15:00,1,1
2019-02-01 13:30:00,1,1
2019-02-01 13:45:00,0,1
2019-02-01 14:00:00,0,1
2019-02-01 14:15:00,0,1
2019-02-01 14:30:00,0,1
2019-02-01 14:45:00,0,1
2019-02-01 15:00:00,0,1
2019-02-04 08:45:00,0,1
2019-02-04 09:00:00,0,1
2019-02-04 09:15:00,0,1
2019-02-04 09:30:00,0,1
2019-02-04 09:45:00,0,1
2019-02-04 10:00:00,0,1
2019-02-04 10:15:00,0,1
2019-02-04 10:30:00,0,1
2019-02-04 10:45:00,0,1
2019-02-04 11:00:00,0,1
2019-02-04 11:15:00,0,1
2019-02-04 11:30:00,1,1
2019-02-04 11:45:00,1,1
2019-02-04 12:00:00,1,1
2019-02-04 12:15:00,1,1
2019-02-04 12:30:00,1,1
2019-02-04 12:45:00,1,1
2019-02-04 13:00:00,1,1
2019-02-04 13:15:00,1,1
2019-02-04 13:30:00,1,1
2019-02-04 13:45:00,0,1
2019-02-04 14:00:00,0,1
2019-02-04 14:15:00,0,1
2019-02-04 14:30:00,0,1
2019-02-04 14:45:00,0,1
2019-02-04 15:00:00,0,1
2019-02-05 08:45:00,0,1
2019-02-05 09:00:00,0,1
2019-02-05 09:15:00,0,1
2019-02-05 09:30:00,0,1
2019-02-05 09:45:00,0,1
2019-02-05 10:00:00,0,1
2019-02-05 10:15:00,0,1
2019-02-05 10:30:00,0,1
2019-02-05 10:45:00,1,1
2019-02-05 11:00:00,1,1
2019-02-05 11:15:00,1,1
2019-02-05 11:30:00,1,1
2019-02-05 11:45:00,1,1
2019-02-05 12:00:00,1,1
2019-02-05 12:15:00,1,1
2019-02-05 12:30:00,1,1
2019-02-05 12:45:00,1,1
2019-02-05 13:00:00,0,1
2019-02-05 13:15:00,1,1
2019-02-05 13:30:00,1,1
2019-02-05 13:45:00,1,1
2019-02-05 14:00:00,1,1
2019-02-05 14:15:00,1,1
2019-02-05 14:30:00,1,1
2019-02-05 14:45:00,1,1
2019-02-05 15:00:00,1,1
2019-02-06 08:45:00,1,1
2019-02-06 09:00:00,1,1
2019-02-06 09:15:00,1,1
2019-02-06 09:30:00,1,1
2019-02-06 09:45:00,1,1
2019-02-06 10:00:00,1,1
2019-02-06 10:15:00,1,1
2019-02-06 10:30:00,1,1
2019-02-06 10:45:00,1,1
2019-02-06 11:00:00,1,1
2019-02-06 11:15:00,1,1
2019-02-06 11:30:00,1,1
2019-02-06 11:45:00,1,1
2019-02-06 12:00:00,1,1
2019-02-06 12:15:00,1,1
2019-02-06 12:30:00,1,1
2019-02-06 12:45:00,1,1
2019-02-06 13:00:00,1,1
2019-02-06 13:15:00,1,1
2019-02-06 13:30:00,1,1
2019-02-06 13:45:00,1,1
2019-02-06 14:00:00,1,1
2019-02-06 14:15:00,1,1
2019-02-06 14:30:00,1,1
2019-02-06 14:45:00,1,1
2019-02-06 15:00:00,1,1
2019-02-07 08:45:00,1,1
2019-02-07 09:00:00,0,1
2019-02-07 09:15:00,0,1
2019-02-07 09:30:00,0,1
2019-02-07 09:45:00,0,0
2019-02-07 10:00:00,0,0
2019-02-07 10:15:00,0,0
2019-02-07 10:30:00,0,0
2019-02-07 10:45:00,0,0
2019-02-07 11:00:00,0,0
2019-02-07 11:15:00,0,0
2019-02-07 11:30:00,0,0
2019-02-07 11:45:00,0,0
2019-02-07 12:00:00,0,1
2019-02-07 12:15:00,0,0
2019-02-07 12:30:00,0,0
2019-02-07 12:45:00,0,1
2019-02-07 13:00:00,0,0
2019-02-07 13:15:00,0,0
2019-02-07 13:30:00,1,0
2019-02-07 13:45:00,1,0
2019-02-07 14:00:00,1,1
2019-02-07 14:15:00,1,1
2019-02-07 14:30:00,1,1
2019-02-07 14:45:00,1,1
2019-02-07 15:00:00,1,0
2019-02-08 08:45:00,1,0
2019-02-08 09:00:00,1,0
2019-02-08 09:15:00,1,0
2019-02-08 09:30:00,0,0
2019-02-08 09:45:00,0,0
2019-02-08 10:00:00,0,0
2019-02-08 10:15:00,0,0
2019-02-08 10:30:00,0,0
2019-02-08 10:45:00,0,0
2019-02-08 11:00:00,0,1
2019-02-08 11:15:00,0,1
2019-02-08 11:30:00,0,1
2019-02-08 11:45:00,0,1
2019-02-08 12:00:00,0,1
2019-02-08 12:15:00,0,1
2019-02-08 12:30:00,0,1
2019-02-08 12:45:00,0,1
2019-02-08 13:00:00,0,1
2019-02-08 13:15:00,0,1
2019-02-08 13:30:00,1,1
2019-02-08 13:45:00,1,1
2019-02-08 14:00:00,1,1
2019-02-08 14:15:00,0,1
2019-02-08 14:30:00,0,1
2019-02-08 14:45:00,0,1
2019-02-08 15:00:00,1,1
2019-02-11 08:45:00,0,1
2019-02-11 09:00:00,0,1
2019-02-11 09:15:00,0,1
2019-02-11 09:30:00,0,1
2019-02-11 09:45:00,0,1
2019-02-11 10:00:00,0,1
2019-02-11 10:15:00,0,1
2019-02-11 10:30:00,0,1
2019-02-11 10:45:00,0,1
2019-02-11 11:00:00,0,1
2019-02-11 11:15:00,1,1
2019-02-11 11:30:00,1,1
2019-02-11 11:45:00,1,1
2019-02-11 12:00:00,1,1
2019-02-11 12:15:00,1,1
2019-02-11 12:30:00,1,1
2019-02-11 12:45:00,1,1
2019-02-11 13:00:00,1,1
2019-02-11 13:15:00,1,1
2019-02-11 13:30:00,1,1
2019-02-11 13:45:00,1,1
2019-02-11 14:00:00,1,1
2019-02-11 14:15:00,1,1
2019-02-11 14:30:00,1,1
2019-02-11 14:45:00,1,1
2019-02-11 15:00:00,1,1
2019-02-12 08:45:00,0,1
2019-02-12 09:00:00,0,1
2019-02-12 09:15:00,0,0
2019-02-12 09:30:00,0,0
2019-02-12 09:45:00,0,0
2019-02-12 10:00:00,0,0
2019-02-12 10:15:00,0,1
2019-02-12 10:30:00,0,0
2019-02-12 10:45:00,0,1
2019-02-12 11:00:00,0,1
2019-02-12 11:15:00,0,1
2019-02-12 11:30:00,0,1
2019-02-12 11:45:00,0,1
2019-02-12 12:00:00,0,1
2019-02-12 12:15:00,0,1
2019-02-12 12:30:00,0,1
2019-02-12 12:45:00,0,1
2019-02-12 13:00:00,0,1
2019-02-12 13:15:00,0,0
2019-02-12 13:30:00,1,1
2019-02-12 13:45:00,0,1
2019-02-12 14:00:00,0,1
2019-02-12 14:15:00,0,1
2019-02-12 14:30:00,0,1
2019-02-12 14:45:00,1,0
2019-02-12 15:00:00,1,0
2019-02-13 08:45:00,0,0
2019-02-13 09:00:00,0,0
2019-02-13 09:15:00,0,0
2019-02-13 09:30:00,0,0
2019-02-13 09:45:00,0,1
2019-02-13 10:00:00,0,1
2019-02-13 10:15:00,0,1
2019-02-13 10:30:00,0,1
2019-02-13 10:45:00,0,1
2019-02-13 11:00:00,0,1
2019-02-13 11:15:00,0,1
2019-02-13 11:30:00,0,1
2019-02-13 11:45:00,0,1
2019-02-13 12:00:00,0,1
2019-02-13 12:15:00,0,1
2019-02-13 12:30:00,0,1
2019-02-13 12:45:00,0,1
2019-02-13 13:00:00,0,1
2019-02-13 13:15:00,1,1
2019-02-13 13:30:00,1,1
2019-02-13 13:45:00,1,1
2019-02-13 14:00:00,1,1
2019-02-13 14:15:00,1,1
2019-02-13 14:30:00,1,1
2019-02-13 14:45:00,1,1
2019-02-13 15:00:00,1,1
2019-02-14 08:45:00,0,0
2019-02-14 09:00:00,0,0
2019-02-14 09:15:00,0,0
2019-02-14 09:30:00,0,0
2019-02-14 09:45:00,0,0
2019-02-14 10:00:00,0,0
2019-02-14 10:15:00,0,0
2019-02-14 10:30:00,0,0
2019-02-14 10:45:00,0,0
2019-02-14 11:00:00,0,1
2019-02-14 11:15:00,0,1
2019-02-14 11:30:00,0,1
2019-02-14 11:45:00,0,1
2019-02-14 12:00:00,0,1
2019-02-14 12:15:00,0,0
2019-02-14 12:30:00,0,1
2019-02-14 12:45:00,0,1
2019-02-14 13:00:00,0,1
2019-02-14 13:15:00,0,1
2019-02-14 13:30:00,0,0
2019-02-14 13:45:00,0,1
2019-02-14 14:00:00,0,0
2019-02-14 14:15:00,0,1
2019-02-14 14:30:00,0,0
2019-02-14 14:45:00,0,1
2019-02-14 15:00:00,0,0
2019-02-15 08:45:00,0,0
2019-02-15 09:00:00,0,0
2019-02-15 09:15:00,0,0
2019-02-15 09:30:00,0,0
2019-02-15 09:45:00,0,0
2019-02-15 10:00:00,0,0
2019-02-15 10:15:00,0,0
2019-02-15 10:30:00,0,0
2019-02-15 10:45:00,0,0
2019-02-15 11:00:00,0,0
2019-02-15 11:15:00,0,1
2019-02-15 11:30:00,0,0
2019-02-15 11:45:00,0,0
2019-02-15 12:00:00,0,1
2019-02-15 12:15:00,0,0
2019-02-15 12:30:00,0,0
2019-02-15 12:45:00,0,1
2019-02-15 13:00:00,0,1
2019-02-15 13:15:00,0,1
2019-02-15 13:30:00,1,1
2019-02-15 13:45:00,1,1
2019-02-15 14:00:00,1,1
2019-02-15 14:15:00,1,1
2019-02-15 14:30:00,1,1
2019-02-15 14:45:00,1,0
2019-02-15 15:00:00,1,0
2019-02-19 08:45:00,0,0
2019-02-19 09:00:00,0,0
2019-02-19 09:15:00,0,0
2019-02-19 09:30:00,0,0
2019-02-19 09:45:00,0,0
2019-02-19 10:00:00,0,0
2019-02-19 10:15:00,0,0
2019-02-19 10:30:00,0,0
2019-02-19 10:45:00,0,0
2019-02-19 11:00:00,0,0
2019-02-19 11:15:00,0,0
2019-02-19 11:30:00,0,0
2019-02-19 11:45:00,0,1
2019-02-19 12:00:00,0,1
2019-02-19 12:15:00,0,1
2019-02-19 12:30:00,0,1
2019-02-19 12:45:00,0,0
2019-02-19 13:00:00,0,0
2019-02-19 13:15:00,0,1
2019-02-19 13:30:00,0,1
2019-02-19 13:45:00,0,1
2019-02-19 14:00:00,0,0
2019-02-19 14:15:00,0,1
2019-02-19 14:30:00,0,0
2019-02-19 14:45:00,0,1
2019-02-19 15:00:00,0,0
2019-02-20 08:45:00,0,0
2019-02-20 09:00:00,0,0
2019-02-20 09:15:00,0,0
2019-02-20 09:30:00,0,1
2019-02-20 09:45:00,0,0
2019-02-20 10:00:00,0,0
2019-02-20 10:15:00,0,1
2019-02-20 10:30:00,1,1
2019-02-20 10:45:00,1,1
2019-02-20 11:00:00,1,1
2019-02-20 11:15:00,1,1
2019-02-20 11:30:00,1,1
2019-02-20 11:45:00,1,1
2019-02-20 12:00:00,1,0
2019-02-20 12:15:00,1,1
2019-02-20 12:30:00,1,1
2019-02-20 12:45:00,1,1
2019-02-20 13:00:00,1,1
2019-02-20 13:15:00,1,1
2019-02-20 13:30:00,1,0
2019-02-20 13:45:00,1,1
2019-02-20 14:00:00,1,0
2019-02-20 14:15:00,1,1
2019-02-20 14:30:00,1,1
2019-02-20 14:45:00,1,1
2019-02-20 15:00:00,1,0
2019-02-21 08:45:00,1,0
2019-02-21 09:00:00,1,0
2019-02-21 09:15:00,1,0
2019-02-21 09:30:00,1,0
2019-02-21 09:45:00,1,0
2019-02-21 10:00:00,1,0
2019-02-21 10:15:00,1,1
2019-02-21 10:30:00,1,0
2019-02-21 10:45:00,1,1
2019-02-21 11:00:00,1,1
2019-02-21 11:15:00,1,1
2019-02-21 11:30:00,1,1
2019-02-21 11:45:00,1,1
2019-02-21 12:00:00,1,1
2019-02-21 12:15:00,1,1
2019-02-21 12:30:00,1,1
2019-02-21 12:45:00,1,0
2019-02-21 13:00:00,1,1
2019-02-21 13:15:00,1,1
2019-02-21 13:30:00,1,1
2019-02-21 13:45:00,1,1
2019-02-21 14:00:00,1,1
2019-02-21 14:15:00,1,1
2019-02-21 14:30:00,1,1
2019-02-21 14:45:00,1,1
2019-02-21 15:00:00,1,0
2019-02-22 08:45:00,1,0
2019-02-22 09:00:00,1,0
2019-02-22 09:15:00,1,0
2019-02-22 09:30:00,1,0
2019-02-22 09:45:00,1,0
2019-02-22 10:00:00,1,0
2019-02-22 10:15:00,1,0
2019-02-22 10:30:00,1,1
2019-02-22 10:45:00,1,0
2019-02-22 11:00:00,1,1
2019-02-22 11:15:00,1,1
2019-02-22 11:30:00,1,1
2019-02-22 11:45:00,1,1
2019-02-22 12:00:00,1,1
2019-02-22 12:15:00,1,1
2019-02-22 12:30:00,1,1
2019-02-22 12:45:00,1,1
2019-02-22 13:00:00,1,0
2019-02-22 13:15:00,1,0
2019-02-22 13:30:00,1,0
2019-02-22 13:45:00,0,1
2019-02-22 14:00:00,0,0
2019-02-22 14:15:00,0,1
2019-02-22 14:30:00,0,1
2019-02-22 14:45:00,0,1
2019-02-22 15:00:00,0,0
2019-02-25 08:45:00,0,0
2019-02-25 09:00:00,0,0
2019-02-25 09:15:00,0,0
2019-02-25 09:30:00,0,0
2019-02-25 09:45:00,0,1
2019-02-25 10:00:00,0,1
2019-02-25 10:15:00,0,1
2019-02-25 10:30:00,0,1
2019-02-25 10:45:00,0,1
2019-02-25 11:00:00,0,0
2019-02-25 11:15:00,0,1
2019-02-25 11:30:00,0,1
2019-02-25 11:45:00,0,1
2019-02-25 12:00:00,0,1
2019-02-25 12:15:00,0,1
2019-02-25 12:30:00,0,0
2019-02-25 12:45:00,0,0
2019-02-25 13:00:00,0,0
2019-02-25 13:15:00,0,1
2019-02-25 13:30:00,1,1
2019-02-25 13:45:00,0,1
2019-02-25 14:00:00,0,0
2019-02-25 14:15:00,0,1
2019-02-25 14:30:00,0,1
2019-02-25 14:45:00,0,0
2019-02-25 15:00:00,0,0
2019-02-26 08:45:00,0,0
2019-02-26 09:00:00,0,0
2019-02-26 09:15:00,0,0
2019-02-26 09:30:00,0,0
2019-02-26 09:45:00,0,0
2019-02-26 10:00:00,0,0
2019-02-26 10:15:00,0,0
2019-02-26 10:30:00,0,0
2019-02-26 10:45:00,0,0
2019-02-26 11:00:00,0,0
2019-02-26 11:15:00,0,0
2019-02-26 11:30:00,0,1
2019-02-26 11:45:00,0,1
2019-02-26 12:00:00,0,0
2019-02-26 12:15:00,0,0
2019-02-26 12:30:00,0,1
2019-02-26 12:45:00,0,1
2019-02-26 13:00:00,0,0
2019-02-26 13:15:00,0,1
2019-02-26 13:30:00,1,0
2019-02-26 13:45:00,1,0
2019-02-26 14:00:00,1,0
2019-02-26 14:15:00,1,0
2019-02-26 14:30:00,1,0
2019-02-26 14:45:00,0,0
2019-02-26 15:00:00,0,0
2019-02-27 08:45:00,0,0
2019-02-27 09:00:00,1,0
2019-02-27 09:15:00,1,0
2019-02-27 09:30:00,1,0
2019-02-27 09:45:00,1,0
2019-02-27 10:00:00,1,0
2019-02-27 10:15:00,1,0
2019-02-27 10:30:00,1,0
2019-02-27 10:45:00,1,0
2019-02-27 11:00:00,1,1
2019-02-27 11:15:00,1,1
2019-02-27 11:30:00,1,1
2019-02-27 11:45:00,1,1
2019-02-27 12:00:00,1,1
2019-02-27 12:15:00,1,1
2019-02-27 12:30:00,1,1
2019-02-27 12:45:00,1,1
2019-02-27 13:00:00,1,1
2019-02-27 13:15:00,1,1
2019-02-27 13:30:00,1,1
2019-02-27 13:45:00,1,1
2019-02-27 14:00:00,1,1
2019-02-27 14:15:00,1,1
2019-02-27 14:30:00,1,0
2019-02-27 14:45:00,1,1
2019-02-27 15:00:00,1,0
2019-02-28 08:45:00,1,0
2019-02-28 09:00:00,1,0
2019-02-28 09:15:00,1,0
2019-02-28 09:30:00,1,0
2019-02-28 09:45:00,1,0
2019-02-28 10:00:00,1,0
2019-02-28 10:15:00,1,0
2019-02-28 10:30:00,1,0
2019-02-28 10:45:00,0,0
2019-02-28 11:00:00,0,0
2019-02-28 11:15:00,0,0
2019-02-28 11:30:00,0,0
2019-02-28 11:45:00,0,0
2019-02-28 12:00:00,0,1
2019-02-28 12:15:00,0,1
2019-02-28 12:30:00,0,1
2019-02-28 12:45:00,0,1
2019-02-28 13:00:00,0,1
2019-02-28 13:15:00,0,1
2019-02-28 13:30:00,1,1
2019-02-28 13:45:00,1,1
2019-02-28 14:00:00,1,1
2019-02-28 14:15:00,1,1
2019-02-28 14:30:00,1,1
2019-02-28 14:45:00,1,1
2019-02-28 15:00:00,1,1
2019-03-01 08:45:00,0,1
2019-03-01 09:00:00,0,0
2019-03-01 09:15:00,0,0
2019-03-01 09:30:00,0,0
2019-03-01 09:45:00,0,0
2019-03-01 10:00:00,0,0
2019-03-01 10:15:00,0,0
2019-03-01 10:30:00,0,1
2019-03-01 10:45:00,0,0
2019-03-01 11:00:00,0,0
2019-03-01 11:15:00,0,0
2019-03-01 11:30:00,0,0
2019-03-01 11:45:00,0,0
2019-03-01 12:00:00,0,1
2019-03-01 12:15:00,0,1
2019-03-01 12:30:00,0,1
2019-03-01 12:45:00,0,0
2019-03-01 13:00:00,0,0
2019-03-01 13:15:00,0,1
2019-03-01 13:30:00,0,1
2019-03-01 13:45:00,0,0
2019-03-01 14:00:00,0,1
2019-03-01 14:15:00,1,1
2019-03-01 14:30:00,1,1
2019-03-01 14:45:00,1,1
2019-03-01 15:00:00,1,1
2019-03-04 08:45:00,1,1
2019-03-04 09:00:00,0,0
2019-03-04 09:15:00,0,0
2019-03-04 09:30:00,0,0
2019-03-04 09:45:00,0,0
2019-03-04 10:00:00,0,1
2019-03-04 10:15:00,0,1
2019-03-04 10:30:00,0,0
2019-03-04 10:45:00,0,0
2019-03-04 11:00:00,0,0
2019-03-04 11:15:00,0,0
2019-03-04 11:30:00,0,0
2019-03-04 11:45:00,0,0
2019-03-04 12:00:00,0,0
2019-03-04 12:15:00,0,0
2019-03-04 12:30:00,0,0
2019-03-04 12:45:00,0,0
2019-03-04 13:00:00,0,0
2019-03-04 13:15:00,0,1
2019-03-04 13:30:00,0,1
2019-03-04 13:45:00,0,1
2019-03-04 14:00:00,0,1
2019-03-04 14:15:00,0,1
2019-03-04 14:30:00,0,1
2019-03-04 14:45:00,0,1
2019-03-04 15:00:00,0,1
2019-03-05 08:45:00,1,1
2019-03-05 09:00:00,1,1
2019-03-05 09:15:00,1,1
2019-03-05 09:30:00,1,1
2019-03-05 09:45:00,1,1
2019-03-05 10:00:00,1,1
2019-03-05 10:15:00,1,1
2019-03-05 10:30:00,1,1
2019-03-05 10:45:00,1,1
2019-03-05 11:00:00,1,1
2019-03-05 11:15:00,1,1
2019-03-05 11:30:00,1,1
2019-03-05 11:45:00,1,1
2019-03-05 12:00:00,1,1
2019-03-05 12:15:00,1,1
2019-03-05 12:30:00,1,1
2019-03-05 12:45:00,1,1
2019-03-05 13:00:00,1,1
2019-03-05 13:15:00,1,1
2019-03-05 13:30:00,0,1
2019-03-05 13:45:00,0,1
2019-03-05 14:00:00,0,1
2019-03-05 14:15:00,0,1
2019-03-05 14:30:00,0,1
2019-03-05 14:45:00,0,1
2019-03-05 15:00:00,1,1
2019-03-06 08:45:00,1,1
2019-03-06 09:00:00,1,1
2019-03-06 09:15:00,1,1
2019-03-06 09:30:00,1,1
2019-03-06 09:45:00,1,1
2019-03-06 10:00:00,1,1
2019-03-06 10:15:00,1,1
2019-03-06 10:30:00,1,1
2019-03-06 10:45:00,1,1
2019-03-06 11:00:00,1,1
2019-03-06 11:15:00,1,1
2019-03-06 11:30:00,1,1
2019-03-06 11:45:00,1,1
2019-03-06 12:00:00,1,1
2019-03-06 12:15:00,1,1
2019-03-06 12:30:00,1,1
2019-03-06 12:45:00,1,1
2019-03-06 13:00:00,1,1
2019-03-06 13:15:00,1,1
2019-03-06 13:30:00,1,1
2019-03-06 13:45:00,1,1
2019-03-06 14:00:00,1,1
2019-03-06 14:15:00,1,1
2019-03-06 14:30:00,1,1
2019-03-06 14:45:00,1,1
2019-03-06 15:00:00,1,1
2019-03-07 08:45:00,0,1
2019-03-07 09:00:00,0,1
2019-03-07 09:15:00,0,1
2019-03-07 09:30:00,0,1
2019-03-07 09:45:00,0,1
2019-03-07 10:00:00,0,1
2019-03-07 10:15:00,0,1
2019-03-07 10:30:00,0,1
2019-03-07 10:45:00,0,1
2019-03-07 11:00:00,0,1
2019-03-07 11:15:00,0,1
2019-03-07 11:30:00,0,1
2019-03-07 11:45:00,0,1
2019-03-07 12:00:00,0,1
2019-03-07 12:15:00,0,1
2019-03-07 12:30:00,0,1
2019-03-07 12:45:00,0,1
2019-03-07 13:00:00,0,1
2019-03-07 13:15:00,1,1
2019-03-07 13:30:00,1,1
2019-03-07 13:45:00,1,1
2019-03-07 14:00:00,1,1
2019-03-07 14:15:00,1,0
2019-03-07 14:30:00,1,0
2019-03-07 14:45:00,1,0
2019-03-07 15:00:00,1,0
2019-03-08 08:45:00,1,0
2019-03-08 09:00:00,1,0
2019-03-08 09:15:00,1,0
2019-03-08 09:30:00,1,0
2019-03-08 09:45:00,1,0
2019-03-08 10:00:00,1,0
2019-03-08 10:15:00,1,0
2019-03-08 10:30:00,1,1
2019-03-08 10:45:00,1,1
2019-03-08 11:00:00,1,1
2019-03-08 11:15:00,1,1
2019-03-08 11:30:00,1,1
2019-03-08 11:45:00,1,1
2019-03-08 12:00:00,1,1
2019-03-08 12:15:00,1,1
2019-03-08 12:30:00,1,1
2019-03-08 12:45:00,1,0
2019-03-08 13:00:00,1,1
2019-03-08 13:15:00,1,1
2019-03-08 13:30:00,1,1
2019-03-08 13:45:00,1,1
2019-03-08 14:00:00,1,1
2019-03-08 14:15:00,1,0
2019-03-08 14:30:00,1,1
2019-03-08 14:45:00,1,1
2019-03-08 15:00:00,1,0
2019-03-11 08:45:00,0,0
2019-03-11 09:00:00,0,0
2019-03-11 09:15:00,0,0
2019-03-11 09:30:00,0,1
2019-03-11 09:45:00,0,1
2019-03-11 10:00:00,0,1
2019-03-11 10:15:00,0,1
2019-03-11 10:30:00,0,1
2019-03-11 10:45:00,0,1
2019-03-11 11:00:00,0,1
2019-03-11 11:15:00,0,1
2019-03-11 11:30:00,0,1
2019-03-11 11:45:00,0,1
2019-03-11 12:00:00,0,1
2019-03-11 12:15:00,0,1
2019-03-11 12:30:00,0,1
2019-03-11 12:45:00,0,1
2019-03-11 13:00:00,0,1
2019-03-11 13:15:00,0,1
2019-03-11 13:30:00,1,1
2019-03-11 13:45:00,1,1
2019-03-11 14:00:00,1,1
2019-03-11 14:15:00,1,1
2019-03-11 14:30:00,1,1
2019-03-11 14:45:00,1,1
2019-03-11 15:00:00,1,1
2019-03-12 08:45:00,1,1
2019-03-12 09:00:00,1,1
2019-03-12 09:15:00,1,1
2019-03-12 09:30:00,1,1
2019-03-12 09:45:00,1,1
2019-03-12 10:00:00,1,1
2019-03-12 10:15:00,1,1
2019-03-12 10:30:00,0,1
2019-03-12 10:45:00,0,1
2019-03-12 11:00:00,0,1
2019-03-12 11:15:00,0,1
2019-03-12 11:30:00,0,1
2019-03-12 11:45:00,0,1
2019-03-12 12:00:00,0,1
2019-03-12 12:15:00,0,1
2019-03-12 12:30:00,0,1
2019-03-12 12:45:00,0,1
2019-03-12 13:00:00,0,1
2019-03-12 13:15:00,0,1
2019-03-12 13:30:00,1,1
2019-03-12 13:45:00,1,1
2019-03-12 14:00:00,1,1
2019-03-12 14:15:00,1,1
2019-03-12 14:30:00,1,1
2019-03-12 14:45:00,1,1
2019-03-12 15:00:00,1,1
2019-03-13 08:45:00,1,1
2019-03-13 09:00:00,1,1
2019-03-13 09:15:00,1,1
2019-03-13 09:30:00,0,1
2019-03-13 09:45:00,0,1
2019-03-13 10:00:00,0,1
2019-03-13 10:15:00,0,1
2019-03-13 10:30:00,0,1
2019-03-13 10:45:00,0,1
2019-03-13 11:00:00,0,1
2019-03-13 11:15:00,0,1
2019-03-13 11:30:00,0,1
2019-03-13 11:45:00,0,1
2019-03-13 12:00:00,0,1
2019-03-13 12:15:00,0,1
2019-03-13 12:30:00,0,1
2019-03-13 12:45:00,0,1
2019-03-13 13:00:00,0,1
2019-03-13 13:15:00,1,1
2019-03-13 13:30:00,1,1
2019-03-13 13:45:00,1,1
2019-03-13 14:00:00,1,1
2019-03-13 14:15:00,1,1
2019-03-13 14:30:00,1,1
2019-03-13 14:45:00,1,1
2019-03-13 15:00:00,0,1
2019-03-14 08:45:00,1,1
2019-03-14 09:00:00,1,1
2019-03-14 09:15:00,1,0
2019-03-14 09:30:00,0,1
2019-03-14 09:45:00,0,0
2019-03-14 10:00:00,0,0
2019-03-14 10:15:00,0,1
2019-03-14 10:30:00,0,0
2019-03-14 10:45:00,0,1
2019-03-14 11:00:00,0,1
2019-03-14 11:15:00,0,0
2019-03-14 11:30:00,0,1
2019-03-14 11:45:00,0,0
2019-03-14 12:00:00,0,1
2019-03-14 12:15:00,0,1
2019-03-14 12:30:00,0,1
2019-03-14 12:45:00,0,1
2019-03-14 13:00:00,0,1
2019-03-14 13:15:00,0,1
2019-03-14 13:30:00,0,1
2019-03-14 13:45:00,1,1
2019-03-14 14:00:00,1,1
2019-03-14 14:15:00,1,1
2019-03-14 14:30:00,1,1
2019-03-14 14:45:00,1,1
2019-03-14 15:00:00,1,0
2019-03-15 08:45:00,1,0
2019-03-15 09:00:00,1,0
2019-03-15 09:15:00,1,0
2019-03-15 09:30:00,1,0
2019-03-15 09:45:00,1,0
2019-03-15 10:00:00,1,1
2019-03-15 10:15:00,1,1
2019-03-15 10:30:00,1,1
2019-03-15 10:45:00,1,1
2019-03-15 11:00:00,1,1
2019-03-15 11:15:00,1,0
2019-03-15 11:30:00,1,1
2019-03-15 11:45:00,1,1
2019-03-15 12:00:00,0,1
2019-03-15 12:15:00,0,1
2019-03-15 12:30:00,0,1
2019-03-15 12:45:00,0,1
2019-03-15 13:00:00,0,1
2019-03-15 13:15:00,0,1
2019-03-15 13:30:00,1,1
2019-03-15 13:45:00,1,0
2019-03-15 14:00:00,0,1
2019-03-15 14:15:00,0,1
2019-03-15 14:30:00,0,1
2019-03-15 14:45:00,1,1
2019-03-15 15:00:00,1,0
2019-03-18 08:45:00,0,0
2019-03-18 09:00:00,0,0
2019-03-18 09:15:00,0,0
2019-03-18 09:30:00,0,0
2019-03-18 09:45:00,0,0
2019-03-18 10:00:00,0,0
2019-03-18 10:15:00,0,1
2019-03-18 10:30:00,0,0
2019-03-18 10:45:00,0,0
2019-03-18 11:00:00,0,0
2019-03-18 11:15:00,0,0
2019-03-18 11:30:00,0,1
2019-03-18 11:45:00,0,0
2019-03-18 12:00:00,0,0
2019-03-18 12:15:00,0,1
2019-03-18 12:30:00,0,1
2019-03-18 12:45:00,0,1
2019-03-18 13:00:00,0,1
2019-03-18 13:15:00,1,1
2019-03-18 13:30:00,1,1
2019-03-18 13:45:00,1,1
2019-03-18 14:00:00,1,1
2019-03-18 14:15:00,1,1
2019-03-18 14:30:00,1,1
2019-03-18 14:45:00,1,1
2019-03-18 15:00:00,1,0
2019-03-19 08:45:00,0,0
2019-03-19 09:00:00,1,0
2019-03-19 09:15:00,0,0
2019-03-19 09:30:00,0,0
2019-03-19 09:45:00,0,0
2019-03-19 10:00:00,0,0
2019-03-19 10:15:00,0,0
2019-03-19 10:30:00,0,0
2019-03-19 10:45:00,0,0
2019-03-19 11:00:00,0,0
2019-03-19 11:15:00,0,0
2019-03-19 11:30:00,0,0
2019-03-19 11:45:00,0,1
2019-03-19 12:00:00,0,1
2019-03-19 12:15:00,0,0
2019-03-19 12:30:00,0,0
2019-03-19 12:45:00,0,1
2019-03-19 13:00:00,0,1
2019-03-19 13:15:00,0,0
2019-03-19 13:30:00,0,1
2019-03-19 13:45:00,0,1
2019-03-19 14:00:00,0,1
2019-03-19 14:15:00,0,1
2019-03-19 14:30:00,0,0
2019-03-19 14:45:00,0,0
2019-03-19 15:00:00,0,0
2019-03-20 08:45:00,0,0
2019-03-20 09:00:00,0,0
2019-03-20 09:15:00,0,0
2019-03-20 09:30:00,0,0
2019-03-20 09:45:00,0,0
2019-03-20 10:00:00,0,0
2019-03-20 10:15:00,0,1
2019-03-20 10:30:00,0,0
2019-03-20 10:45:00,0,0
2019-03-20 11:00:00,0,1
2019-03-20 11:15:00,0,0
2019-03-20 11:30:00,0,1
2019-03-20 11:45:00,0,1
2019-03-20 12:00:00,0,0
2019-03-20 12:15:00,0,1
2019-03-20 12:30:00,0,1
2019-03-20 12:45:00,0,1
2019-03-20 13:00:00,1,1
2019-03-20 13:15:00,1,1
2019-03-20 13:30:00,1,0
2019-03-20 13:45:00,1,0
2019-03-20 14:00:00,1,0
2019-03-20 14:15:00,1,0
2019-03-20 14:30:00,0,0
2019-03-20 14:45:00,0,0
2019-03-20 15:00:00,0,0
2019-03-21 08:45:00,0,0
2019-03-21 09:00:00,0,0
2019-03-21 09:15:00,0,0
2019-03-21 09:30:00,0,0
2019-03-21 09:45:00,0,0
2019-03-21 10:00:00,0,0
2019-03-21 10:15:00,0,0
2019-03-21 10:30:00,0,0
2019-03-21 10:45:00,0,0
2019-03-21 11:00:00,0,0
2019-03-21 11:15:00,0,0
2019-03-21 11:30:00,0,0
2019-03-21 11:45:00,0,0
2019-03-21 12:00:00,0,0
2019-03-21 12:15:00,0,0
2019-03-21 12:30:00,0,0
2019-03-21 12:45:00,0,0
2019-03-21 13:00:00,0,0
2019-03-21 13:15:00,0,0
2019-03-21 13:30:00,1,0
2019-03-21 13:45:00,1,0
2019-03-21 14:00:00,1,1
2019-03-21 14:15:00,1,0
2019-03-21 14:30:00,1,0
2019-03-21 14:45:00,1,0
2019-03-21 15:00:00,1,0
2019-03-22 08:45:00,0,0
2019-03-22 09:00:00,0,0
2019-03-22 09:15:00,0,0
2019-03-22 09:30:00,0,0
2019-03-22 09:45:00,0,0
2019-03-22 10:00:00,0,0
2019-03-22 10:15:00,0,0
2019-03-22 10:30:00,0,0
2019-03-22 10:45:00,0,0
2019-03-22 11:00:00,0,0
2019-03-22 11:15:00,0,0
2019-03-22 11:30:00,0,0
2019-03-22 11:45:00,0,0
2019-03-22 12:00:00,0,0
2019-03-22 12:15:00,0,0
2019-03-22 12:30:00,0,0
2019-03-22 12:45:00,0,0
2019-03-22 13:00:00,0,0
2019-03-22 13:15:00,0,0
2019-03-22 13:30:00,0,0
2019-03-22 13:45:00,0,0
2019-03-22 14:00:00,0,0
2019-03-22 14:15:00,1,0
2019-03-22 14:30:00,1,0
2019-03-22 14:45:00,1,0
2019-03-22 15:00:00,1,0
2019-03-25 08:45:00,1,0
2019-03-25 09:00:00,1,0
2019-03-25 09:15:00,1,0
2019-03-25 09:30:00,1,0
2019-03-25 09:45:00,1,0
2019-03-25 10:00:00,1,0
2019-03-25 10:15:00,1,0
2019-03-25 10:30:00,1,0
2019-03-25 10:45:00,1,0
2019-03-25 11:00:00,1,0
2019-03-25 11:15:00,1,0
2019-03-25 11:30:00,1,0
2019-03-25 11:45:00,0,0
2019-03-25 12:00:00,1,0
2019-03-25 12:15:00,1,0
2019-03-25 12:30:00,1,0
2019-03-25 12:45:00,1,0
2019-03-25 13:00:00,1,0
2019-03-25 13:15:00,1,0
2019-03-25 13:30:00,1,0
2019-03-25 13:45:00,1,0
2019-03-25 14:00:00,0,0
2019-03-25 14:15:00,0,0
2019-03-25 14:30:00,0,0
2019-03-25 14:45:00,0,0
2019-03-25 15:00:00,0,0
2019-03-26 08:45:00,0,0
2019-03-26 09:00:00,0,0
2019-03-26 09:15:00,0,0
2019-03-26 09:30:00,0,0
2019-03-26 09:45:00,0,0
2019-03-26 10:00:00,0,0
2019-03-26 10:15:00,0,0
2019-03-26 10:30:00,0,0
2019-03-26 10:45:00,0,0
2019-03-26 11:00:00,0,0
2019-03-26 11:15:00,0,0
2019-03-26 11:30:00,0,0
2019-03-26 11:45:00,0,0
2019-03-26 12:00:00,1,0
2019-03-26 12:15:00,1,0
2019-03-26 12:30:00,1,0
2019-03-26 12:45:00,1,0
2019-03-26 13:00:00,1,1
2019-03-26 13:15:00,1,0
2019-03-26 13:30:00,1,0
2019-03-26 13:45:00,1,0
2019-03-26 14:00:00,1,0
2019-03-26 14:15:00,1,0
2019-03-26 14:30:00,1,0
2019-03-26 14:45:00,1,0
2019-03-26 15:00:00,1,0
2019-03-27 08:45:00,0,0
2019-03-27 09:00:00,0,0
2019-03-27 09:15:00,0,0
2019-03-27 09:30:00,0,0
2019-03-27 09:45:00,0,0
2019-03-27 10:00:00,0,0
2019-03-27 10:15:00,0,0
2019-03-27 10:30:00,0,0
2019-03-27 10:45:00,0,0
2019-03-27 11:00:00,0,0
2019-03-27 11:15:00,0,0
2019-03-27 11:30:00,0,0
2019-03-27 11:45:00,1,0
2019-03-27 12:00:00,1,1
2019-03-27 12:15:00,1,1
2019-03-27 12:30:00,1,1
2019-03-27 12:45:00,1,1
2019-03-27 13:00:00,1,1
2019-03-27 13:15:00,1,0
2019-03-27 13:30:00,1,1
2019-03-27 13:45:00,1,0
2019-03-27 14:00:00,0,0
2019-03-27 14:15:00,0,1
2019-03-27 14:30:00,0,0
2019-03-27 14:45:00,0,0
2019-03-27 15:00:00,0,0
2019-03-28 08:45:00,0,0
2019-03-28 09:00:00,0,0
2019-03-28 09:15:00,0,0
2019-03-28 09:30:00,1,0
2019-03-28 09:45:00,1,0
2019-03-28 10:00:00,1,1
2019-03-28 10:15:00,1,1
2019-03-28 10:30:00,1,1
2019-03-28 10:45:00,1,1
2019-03-28 11:00:00,1,0
2019-03-28 11:15:00,1,0
2019-03-28 11:30:00,1,0
2019-03-28 11:45:00,1,1
2019-03-28 12:00:00,1,1
2019-03-28 12:15:00,1,1
2019-03-28 12:30:00,1,1
2019-03-28 12:45:00,1,1
2019-03-28 13:00:00,1,0
2019-03-28 13:15:00,1,1
2019-03-28 13:30:00,1,1
2019-03-28 13:45:00,1,1
2019-03-28 14:00:00,1,1
2019-03-28 14:15:00,1,1
2019-03-28 14:30:00,1,1
2019-03-28 14:45:00,0,1
2019-03-28 15:00:00,0,1
2019-03-29 08:45:00,0,1
2019-03-29 09:00:00,0,1
2019-03-29 09:15:00,0,1
2019-03-29 09:30:00,0,1
2019-03-29 09:45:00,0,1
2019-03-29 10:00:00,0,1
2019-03-29 10:15:00,0,1
2019-03-29 10:30:00,0,1
2019-03-29 10:45:00,0,1
2019-03-29 11:00:00,0,1
2019-03-29 11:15:00,0,1
2019-03-29 11:30:00,0,1
2019-03-29 11:45:00,1,1
2019-03-29 12:00:00,1,1
2019-03-29 12:15:00,1,1
2019-03-29 12:30:00,1,1
2019-03-29 12:45:00,1,1
2019-03-29 13:00:00,1,1
2019-03-29 13:15:00,1,1
2019-03-29 13:30:00,1,1
2019-03-29 13:45:00,1,1
2019-03-29 14:00:00,1,1
2019-03-29 14:15:00,1,1
2019-03-29 14:30:00,1,1
2019-03-29 14:45:00,1,1
2019-03-29 15:00:00,1,1
2019-04-01 08:45:00,0,1
2019-04-01 09:00:00,0,1
2019-04-01 09:15:00,0,1
2019-04-01 09:30:00,0,0
2019-04-01 09:45:00,0,0
2019-04-01 10:00:00,0,0
2019-04-01 10:15:00,0,0
2019-04-01 10:30:00,0,0
2019-04-01 10:45:00,0,0
2019-04-01 11:00:00,0,0
2019-04-01 11:15:00,0,0
2019-04-01 11:30:00,0,0
2019-04-01 11:45:00,0,1
2019-04-01 12:00:00,0,1
2019-04-01 12:15:00,0,1
2019-04-01 12:30:00,0,0
2019-04-01 12:45:00,0,1
2019-04-01 13:00:00,0,1
2019-04-01 13:15:00,0,1
2019-04-01 13:30:00,0,1
2019-04-01 13:45:00,0,1
2019-04-01 14:00:00,1,1
2019-04-01 14:15:00,1,1
2019-04-01 14:30:00,0,1
2019-04-01 14:45:00,0,1
2019-04-01 15:00:00,0,1
2019-04-02 08:45:00,0,1
2019-04-02 09:00:00,0,1
2019-04-02 09:15:00,0,0
2019-04-02 09:30:00,0,0
2019-04-02 09:45:00,0,0
2019-04-02 10:00:00,0,0
2019-04-02 10:15:00,0,1
2019-04-02 10:30:00,0,1
2019-04-02 10:45:00,0,1
2019-04-02 11:00:00,0,0
2019-04-02 11:15:00,0,0
2019-04-02 11:30:00,0,1
2019-04-02 11:45:00,0,1
2019-04-02 12:00:00,0,1
2019-04-02 12:15:00,0,1
2019-04-02 12:30:00,1,1
2019-04-02 12:45:00,1,1
2019-04-02 13:00:00,1,1
2019-04-02 13:15:00,1,1
2019-04-02 13:30:00,1,1
2019-04-02 13:45:00,1,1
2019-04-02 14:00:00,1,1
2019-04-02 14:15:00,1,1
2019-04-02 14:30:00,1,1
2019-04-02 14:45:00,1,1
2019-04-02 15:00:00,1,0
2019-04-03 08:45:00,1,0
2019-04-03 09:00:00,1,0
2019-04-03 09:15:00,1,0
2019-04-03 09:30:00,1,0
2019-04-03 09:45:00,1,0
2019-04-03 10:00:00,1,0
2019-04-03 10:15:00,1,1
2019-04-03 10:30:00,1,0
2019-04-03 10:45:00,1,0
2019-04-03 11:00:00,1,1
2019-04-03 11:15:00,1,1
2019-04-03 11:30:00,1,1
2019-04-03 11:45:00,1,1
2019-04-03 12:00:00,1,1
2019-04-03 12:15:00,1,0
2019-04-03 12:30:00,1,1
2019-04-03 12:45:00,1,1
2019-04-03 13:00:00,1,1
2019-04-03 13:15:00,1,0
2019-04-03 13:30:00,1,1
2019-04-03 13:45:00,1,1
2019-04-03 14:00:00,1,0
2019-04-03 14:15:00,1,0
2019-04-03 14:30:00,1,0
2019-04-03 14:45:00,1,0
2019-04-03 15:00:00,1,0
2019-04-04 08:45:00,1,0
2019-04-04 09:00:00,1,0
2019-04-04 09:15:00,1,0
2019-04-04 09:30:00,1,0
2019-04-04 09:45:00,1,0
2019-04-04 10:00:00,1,0
2019-04-04 10:15:00,1,0
2019-04-04 10:30:00,1,0
2019-04-04 10:45:00,1,0
2019-04-04 11:00:00,1,0
2019-04-04 11:15:00,1,1
2019-04-04 11:30:00,1,1
2019-04-04 11:45:00,1,0
2019-04-04 12:00:00,1,0
2019-04-04 12:15:00,1,1
2019-04-04 12:30:00,1,1
2019-04-04 12:45:00,1,1
2019-04-04 13:00:00,1,1
2019-04-04 13:15:00,1,1
2019-04-04 13:30:00,1,1
2019-04-04 13:45:00,1,1
2019-04-04 14:00:00,1,1
2019-04-04 14:15:00,1,1
2019-04-04 14:30:00,1,0
2019-04-04 14:45:00,1,0
2019-04-04 15:00:00,1,0
2019-04-05 08:45:00,1,0
2019-04-05 09:00:00,1,0
2019-04-05 09:15:00,1,0
2019-04-05 09:30:00,1,0
2019-04-05 09:45:00,1,0
2019-04-05 10:00:00,1,1
2019-04-05 10:15:00,1,1
2019-04-05 10:30:00,1,1
2019-04-05 10:45:00,1,1
2019-04-05 11:00:00,1,1
2019-04-05 11:15:00,1,1
2019-04-05 11:30:00,1,1
2019-04-05 11:45:00,1,1
2019-04-05 12:00:00,1,1
2019-04-05 12:15:00,1,1
2019-04-05 12:30:00,1,1
2019-04-05 12:45:00,1,1
2019-04-05 13:00:00,1,1
2019-04-05 13:15:00,1,1
2019-04-05 13:30:00,1,1
2019-04-05 13:45:00,1,1
2019-04-05 14:00:00,1,1
2019-04-05 14:15:00,1,1
2019-04-05 14:30:00,1,1
2019-04-05 14:45:00,1,1
2019-04-05 15:00:00,1,0
2019-04-08 08:45:00,1,0
2019-04-08 09:00:00,1,0
2019-04-08 09:15:00,1,0
2019-04-08 09:30:00,1,0
2019-04-08 09:45:00,1,0
2019-04-08 10:00:00,1,1
2019-04-08 10:15:00,1,1
2019-04-08 10:30:00,1,0
2019-04-08 10:45:00,1,1
2019-04-08 11:00:00,1,1
2019-04-08 11:15:00,1,1
2019-04-08 11:30:00,1,1
2019-04-08 11:45:00,1,1
2019-04-08 12:00:00,1,1
2019-04-08 12:15:00,1,1
2019-04-08 12:30:00,1,1
2019-04-08 12:45:00,1,1
2019-04-08 13:00:00,1,1
2019-04-08 13:15:00,1,1
2019-04-08 13:30:00,1,1
2019-04-08 13:45:00,1,1
2019-04-08 14:00:00,1,1
2019-04-08 14:15:00,1,1
2019-04-08 14:30:00,1,1
2019-04-08 14:45:00,1,1
2019-04-08 15:00:00,1,1
2019-04-09 08:45:00,1,0
2019-04-09 09:00:00,1,0
2019-04-09 09:15:00,1,0
2019-04-09 09:30:00,1,0
2019-04-09 09:45:00,0,0
2019-04-09 10:00:00,0,0
2019-04-09 10:15:00,0,1
2019-04-09 10:30:00,0,0
2019-04-09 10:45:00,0,1
2019-04-09 11:00:00,0,1
2019-04-09 11:15:00,0,1
2019-04-09 11:30:00,0,1
2019-04-09 11:45:00,0,1
2019-04-09 12:00:00,0,1
2019-04-09 12:15:00,0,1
2019-04-09 12:30:00,0,1
2019-04-09 12:45:00,0,1
2019-04-09 13:00:00,1,1
2019-04-09 13:15:00,1,1
2019-04-09 13:30:00,1,1
2019-04-09 13:45:00,1,1
2019-04-09 14:00:00,1,1
2019-04-09 14:15:00,1,1
2019-04-09 14:30:00,1,1
2019-04-09 14:45:00,1,1
2019-04-09 15:00:00,1,0
2019-04-10 08:45:00,1,0
2019-04-10 09:00:00,1,0
2019-04-10 09:15:00,1,0
2019-04-10 09:30:00,1,0
2019-04-10 09:45:00,1,1
2019-04-10 10:00:00,1,0
2019-04-10 10:15:00,1,1
2019-04-10 10:30:00,1,1
2019-04-10 10:45:00,1,1
2019-04-10 11:00:00,1,1
2019-04-10 11:15:00,1,1
2019-04-10 11:30:00,1,1
2019-04-10 11:45:00,1,1
2019-04-10 12:00:00,1,1
2019-04-10 12:15:00,1,1
2019-04-10 12:30:00,1,1
2019-04-10 12:45:00,1,1
2019-04-10 13:00:00,1,1
2019-04-10 13:15:00,1,1
2019-04-10 13:30:00,1,1
2019-04-10 13:45:00,0,1
2019-04-10 14:00:00,0,1
2019-04-10 14:15:00,0,1
2019-04-10 14:30:00,0,0
2019-04-10 14:45:00,0,1
2019-04-10 15:00:00,0,0
2019-04-11 08:45:00,0,0
2019-04-11 09:00:00,0,0
2019-04-11 09:15:00,0,0
2019-04-11 09:30:00,0,0
2019-04-11 09:45:00,0,0
2019-04-11 10:00:00,0,0
2019-04-11 10:15:00,0,0
2019-04-11 10:30:00,0,0
2019-04-11 10:45:00,0,0
2019-04-11 11:00:00,0,0
2019-04-11 11:15:00,0,1
2019-04-11 11:30:00,0,1
2019-04-11 11:45:00,0,0
2019-04-11 12:00:00,0,1
2019-04-11 12:15:00,0,1
2019-04-11 12:30:00,0,1
2019-04-11 12:45:00,0,1
2019-04-11 13:00:00,1,1
2019-04-11 13:15:00,1,1
2019-04-11 13:30:00,1,1
2019-04-11 13:45:00,1,1
2019-04-11 14:00:00,1,1
2019-04-11 14:15:00,1,1
2019-04-11 14:30:00,1,0
2019-04-11 14:45:00,1,1
2019-04-11 15:00:00,1,0
2019-04-12 08:45:00,0,0
2019-04-12 09:00:00,0,0
2019-04-12 09:15:00,0,0
2019-04-12 09:30:00,0,0
2019-04-12 09:45:00,0,0
2019-04-12 10:00:00,0,0
2019-04-12 10:15:00,0,0
2019-04-12 10:30:00,0,0
2019-04-12 10:45:00,0,0
2019-04-12 11:00:00,0,0
2019-04-12 11:15:00,0,0
2019-04-12 11:30:00,0,0
2019-04-12 11:45:00,0,0
2019-04-12 12:00:00,0,0
2019-04-12 12:15:00,0,0
2019-04-12 12:30:00,0,0
2019-04-12 12:45:00,0,0
2019-04-12 13:00:00,0,0
2019-04-12 13:15:00,0,0
2019-04-12 13:30:00,1,0
2019-04-12 13:45:00,0,0
2019-04-12 14:00:00,0,0
2019-04-12 14:15:00,0,0
2019-04-12 14:30:00,0,0
2019-04-12 14:45:00,0,0
2019-04-12 15:00:00,0,0
2019-04-15 08:45:00,0,0
2019-04-15 09:00:00,0,0
2019-04-15 09:15:00,0,0
2019-04-15 09:30:00,0,0
2019-04-15 09:45:00,0,0
2019-04-15 10:00:00,0,0
2019-04-15 10:15:00,0,0
2019-04-15 10:30:00,0,0
2019-04-15 10:45:00,0,0
2019-04-15 11:00:00,0,0
2019-04-15 11:15:00,0,0
2019-04-15 11:30:00,0,0
2019-04-15 11:45:00,0,0
2019-04-15 12:00:00,0,0
2019-04-15 12:15:00,0,0
2019-04-15 12:30:00,0,0
2019-04-15 12:45:00,0,1
2019-04-15 13:00:00,0,0
2019-04-15 13:15:00,0,1
2019-04-15 13:30:00,1,1
2019-04-15 13:45:00,1,1
2019-04-15 14:00:00,0,1
2019-04-15 14:15:00,1,1
2019-04-15 14:30:00,1,1
2019-04-15 14:45:00,1,0
2019-04-15 15:00:00,1,0
2019-04-16 08:45:00,0,0
2019-04-16 09:00:00,0,0
2019-04-16 09:15:00,0,0
2019-04-16 09:30:00,0,0
2019-04-16 09:45:00,0,0
2019-04-16 10:00:00,0,0
2019-04-16 10:15:00,0,0
2019-04-16 10:30:00,0,1
2019-04-16 10:45:00,0,0
2019-04-16 11:00:00,0,0
2019-04-16 11:15:00,0,0
2019-04-16 11:30:00,0,0
2019-04-16 11:45:00,0,0
2019-04-16 12:00:00,0,1
2019-04-16 12:15:00,0,1
2019-04-16 12:30:00,0,1
2019-04-16 12:45:00,0,1
2019-04-16 13:00:00,0,0
2019-04-16 13:15:00,0,1
2019-04-16 13:30:00,0,0
2019-04-16 13:45:00,0,0
2019-04-16 14:00:00,0,0
2019-04-16 14:15:00,0,1
2019-04-16 14:30:00,0,0
2019-04-16 14:45:00,0,1
2019-04-16 15:00:00,1,0
2019-04-17 08:45:00,1,0
2019-04-17 09:00:00,1,0
2019-04-17 09:15:00,1,0
2019-04-17 09:30:00,1,0
2019-04-17 09:45:00,1,0
2019-04-17 10:00:00,0,0
2019-04-17 10:15:00,0,0
2019-04-17 10:30:00,0,0
2019-04-17 10:45:00,0,0
2019-04-17 11:00:00,0,0
2019-04-17 11:15:00,0,0
2019-04-17 11:30:00,0,0
2019-04-17 11:45:00,0,0
2019-04-17 12:00:00,0,0
2019-04-17 12:15:00,0,0
2019-04-17 12:30:00,0,0
2019-04-17 12:45:00,0,0
2019-04-17 13:00:00,0,0
2019-04-17 13:15:00,0,0
2019-04-17 13:30:00,0,0
2019-04-17 13:45:00,0,0
2019-04-17 14:00:00,0,0
2019-04-17 14:15:00,0,0
2019-04-17 14:30:00,0,0
2019-04-17 14:45:00,0,0
2019-04-17 15:00:00,0,0
2019-04-18 08:45:00,0,0
2019-04-18 09:00:00,0,0
2019-04-18 09:15:00,0,0
2019-04-18 09:30:00,0,0
2019-04-18 09:45:00,0,0
2019-04-18 10:00:00,0,0
2019-04-18 10:15:00,0,0
2019-04-18 10:30:00,0,0
2019-04-18 10:45:00,0,0
2019-04-18 11:00:00,0,0
2019-04-18 11:15:00,1,0
2019-04-18 11:30:00,1,0
2019-04-18 11:45:00,1,0
2019-04-18 12:00:00,1,1
2019-04-18 12:15:00,1,1
2019-04-18 12:30:00,1,1
2019-04-18 12:45:00,1,1
2019-04-18 13:00:00,1,1
2019-04-18 13:15:00,1,1
2019-04-18 13:30:00,1,1
2019-04-18 13:45:00,1,1
2019-04-18 14:00:00,1,1
2019-04-18 14:15:00,1,1
2019-04-18 14:30:00,1,1
2019-04-18 14:45:00,0,1
2019-04-18 15:00:00,0,0
2019-04-22 08:45:00,0,0
2019-04-22 09:00:00,0,0
2019-04-22 09:15:00,0,0
2019-04-22 09:30:00,0,0
2019-04-22 09:45:00,0,0
2019-04-22 10:00:00,0,0
2019-04-22 10:15:00,0,0
2019-04-22 10:30:00,0,0
2019-04-22 10:45:00,0,0
2019-04-22 11:00:00,1,1
2019-04-22 11:15:00,1,1
2019-04-22 11:30:00,1,1
2019-04-22 11:45:00,1,1
2019-04-22 12:00:00,1,1
2019-04-22 12:15:00,1,1
2019-04-22 12:30:00,1,1
2019-04-22 12:45:00,1,0
2019-04-22 13:00:00,1,1
2019-04-22 13:15:00,1,1
2019-04-22 13:30:00,1,1
2019-04-22 13:45:00,1,1
2019-04-22 14:00:00,1,1
2019-04-22 14:15:00,1,1
2019-04-22 14:30:00,1,1
2019-04-22 14:45:00,1,1
2019-04-22 15:00:00,1,0
2019-04-23 08:45:00,1,0
2019-04-23 09:00:00,1,0
2019-04-23 09:15:00,1,0
2019-04-23 09:30:00,1,0
2019-04-23 09:45:00,1,0
2019-04-23 10:00:00,1,1
2019-04-23 10:15:00,1,0
2019-04-23 10:30:00,1,0
2019-04-23 10:45:00,1,0
2019-04-23 11:00:00,1,1
2019-04-23 11:15:00,0,0
2019-04-23 11:30:00,0,0
2019-04-23 11:45:00,0,0
2019-04-23 12:00:00,0,0
2019-04-23 12:15:00,0,0
2019-04-23 12:30:00,0,0
2019-04-23 12:45:00,0,0
2019-04-23 13:00:00,0,0
2019-04-23 13:15:00,0,0
2019-04-23 13:30:00,0,0
2019-04-23 13:45:00,0,0
2019-04-23 14:00:00,0,0
2019-04-23 14:15:00,0,0
2019-04-23 14:30:00,0,0
2019-04-23 14:45:00,1,0
2019-04-23 15:00:00,1,0
2019-04-24 08:45:00,1,0
2019-04-24 09:00:00,1,0
2019-04-24 09:15:00,1,0
2019-04-24 09:30:00,0,0
2019-04-24 09:45:00,0,0
2019-04-24 10:00:00,0,0
2019-04-24 10:15:00,0,0
2019-04-24 10:30:00,0,0
2019-04-24 10:45:00,0,1
2019-04-24 11:00:00,0,1
2019-04-24 11:15:00,0,1
2019-04-24 11:30:00,0,1
2019-04-24 11:45:00,0,1
2019-04-24 12:00:00,1,1
2019-04-24 12:15:00,1,1
2019-04-24 12:30:00,1,0
2019-04-24 12:45:00,1,1
2019-04-24 13:00:00,1,1
2019-04-24 13:15:00,1,1
2019-04-24 13:30:00,1,1
2019-04-24 13:45:00,1,1
2019-04-24 14:00:00,0,1
2019-04-24 14:15:00,0,1
2019-04-24 14:30:00,0,0
2019-04-24 14:45:00,0,1
2019-04-24 15:00:00,0,0
2019-04-25 08:45:00,1,0
2019-04-25 09:00:00,1,0
2019-04-25 09:15:00,1,0
2019-04-25 09:30:00,0,0
2019-04-25 09:45:00,0,0
2019-04-25 10:00:00,0,0
2019-04-25 10:15:00,0,0
2019-04-25 10:30:00,0,0
2019-04-25 10:45:00,0,0
2019-04-25 11:00:00,0,0
2019-04-25 11:15:00,0,0
2019-04-25 11:30:00,0,0
2019-04-25 11:45:00,0,0
2019-04-25 12:00:00,0,0
2019-04-25 12:15:00,0,0
2019-04-25 12:30:00,0,0
2019-04-25 12:45:00,0,0
2019-04-25 13:00:00,0,0
2019-04-25 13:15:00,0,0
2019-04-25 13:30:00,0,0
2019-04-25 13:45:00,0,0
2019-04-25 14:00:00,0,0
2019-04-25 14:15:00,0,0
2019-04-25 14:30:00,0,0
2019-04-25 14:45:00,1,0
2019-04-25 15:00:00,1,0
2019-04-26 08:45:00,1,0
2019-04-26 09:00:00,1,0
2019-04-26 09:15:00,1,0
2019-04-26 09:30:00,1,0
2019-04-26 09:45:00,1,0
2019-04-26 10:00:00,1,1
2019-04-26 10:15:00,1,1
2019-04-26 10:30:00,1,0
2019-04-26 10:45:00,1,1
2019-04-26 11:00:00,1,1
2019-04-26 11:15:00,1,1
2019-04-26 11:30:00,1,1
2019-04-26 11:45:00,1,1
2019-04-26 12:00:00,1,1
2019-04-26 12:15:00,1,1
2019-04-26 12:30:00,1,1
2019-04-26 12:45:00,1,1
2019-04-26 13:00:00,1,1
2019-04-26 13:15:00,1,1
2019-04-26 13:30:00,1,1
2019-04-26 13:45:00,1,1
2019-04-26 14:00:00,1,1
2019-04-26 14:15:00,1,1
2019-04-26 14:30:00,1,1
2019-04-26 14:45:00,1,1
2019-04-26 15:00:00,1,1
2019-04-29 08:45:00,0,0
2019-04-29 09:00:00,0,0
2019-04-29 09:15:00,0,0
2019-04-29 09:30:00,0,0
2019-04-29 09:45:00,0,0
2019-04-29 10:00:00,0,0
2019-04-29 10:15:00,0,0
2019-04-29 10:30:00,0,0
2019-04-29 10:45:00,0,0
2019-04-29 11:00:00,0,0
2019-04-29 11:15:00,0,0
2019-04-29 11:30:00,0,0
2019-04-29 11:45:00,0,0
2019-04-29 12:00:00,0,0
2019-04-29 12:15:00,0,0
2019-04-29 12:30:00,0,0
2019-04-29 12:45:00,0,0
2019-04-29 13:00:00,0,0
2019-04-29 13:15:00,0,0
2019-04-29 13:30:00,1,0
2019-04-29 13:45:00,1,0
2019-04-29 14:00:00,0,0
2019-04-29 14:15:00,1,0
2019-04-29 14:30:00,1,0
2019-04-29 14:45:00,1,0
2019-04-29 15:00:00,1,0
2019-04-30 08:45:00,1,0
2019-04-30 09:00:00,1,0
2019-04-30 09:15:00,0,0
2019-04-30 09:30:00,0,0
2019-04-30 09:45:00,0,0
2019-04-30 10:00:00,0,0
2019-04-30 10:15:00,0,0
2019-04-30 10:30:00,0,0
2019-04-30 10:45:00,0,0
2019-04-30 11:00:00,0,0
2019-04-30 11:15:00,0,0
2019-04-30 11:30:00,0,0
2019-04-30 11:45:00,0,0
2019-04-30 12:00:00,0,0
2019-04-30 12:15:00,0,0
2019-04-30 12:30:00,0,0
2019-04-30 12:45:00,0,0
2019-04-30 13:00:00,0,1
2019-04-30 13:15:00,1,1
2019-04-30 13:30:00,1,1
2019-04-30 13:45:00,1,1
2019-04-30 14:00:00,1,1
2019-04-30 14:15:00,1,1
2019-04-30 14:30:00,1,1
2019-04-30 14:45:00,1,1
2019-04-30 15:00:00,1,1
2019-05-01 08:45:00,0,1
2019-05-01 09:00:00,0,0
2019-05-01 09:15:00,0,0
2019-05-01 09:30:00,0,0
2019-05-01 09:45:00,0,0
2019-05-01 10:00:00,0,0
2019-05-01 10:15:00,0,0
2019-05-01 10:30:00,0,0
2019-05-01 10:45:00,0,0
2019-05-01 11:00:00,0,0
2019-05-01 11:15:00,0,0
2019-05-01 11:30:00,0,0
2019-05-01 11:45:00,0,0
2019-05-01 12:00:00,0,0
2019-05-01 12:15:00,0,0
2019-05-01 12:30:00,0,0
2019-05-01 12:45:00,1,0
2019-05-01 13:00:00,1,0
2019-05-01 13:15:00,1,0
2019-05-01 13:30:00,1,0
2019-05-01 13:45:00,1,0
2019-05-01 14:00:00,1,0
2019-05-01 14:15:00,1,0
2019-05-01 14:30:00,1,0
2019-05-01 14:45:00,1,0
2019-05-01 15:00:00,1,0
2019-05-02 08:45:00,1,0
2019-05-02 09:00:00,1,0
2019-05-02 09:15:00,1,0
2019-05-02 09:30:00,1,1
2019-05-02 09:45:00,1,1
2019-05-02 10:00:00,1,1
2019-05-02 10:15:00,1,1
2019-05-02 10:30:00,1,1
2019-05-02 10:45:00,0,0
2019-05-02 11:00:00,0,0
2019-05-02 11:15:00,0,0
2019-05-02 11:30:00,0,0
2019-05-02 11:45:00,0,0
2019-05-02 12:00:00,0,0
2019-05-02 12:15:00,0,0
2019-05-02 12:30:00,1,1
2019-05-02 12:45:00,1,1
2019-05-02 13:00:00,1,1
2019-05-02 13:15:00,1,1
2019-05-02 13:30:00,1,1
2019-05-02 13:45:00,1,1
2019-05-02 14:00:00,1,1
2019-05-02 14:15:00,1,1
2019-05-02 14:30:00,1,1
2019-05-02 14:45:00,1,1
2019-05-02 15:00:00,1,1
2019-05-03 08:45:00,1,1
2019-05-03 09:00:00,0,1
2019-05-03 09:15:00,0,0
2019-05-03 09:30:00,0,0
2019-05-03 09:45:00,0,1
2019-05-03 10:00:00,0,1
2019-05-03 10:15:00,0,0
2019-05-03 10:30:00,0,0
2019-05-03 10:45:00,0,0
2019-05-03 11:00:00,0,0
2019-05-03 11:15:00,0,0
2019-05-03 11:30:00,0,0
2019-05-03 11:45:00,0,0
2019-05-03 12:00:00,0,0
2019-05-03 12:15:00,0,0
2019-05-03 12:30:00,0,0
2019-05-03 12:45:00,0,0
2019-05-03 13:00:00,0,0
2019-05-03 13:15:00,1,0
2019-05-03 13:30:00,1,0
2019-05-03 13:45:00,1,0
2019-05-03 14:00:00,1,0
2019-05-03 14:15:00,1,0
2019-05-03 14:30:00,1,0
2019-05-03 14:45:00,1,0
2019-05-03 15:00:00,1,0
2019-05-06 08:45:00,0,0
2019-05-06 09:00:00,0,0
2019-05-06 09:15:00,0,0
2019-05-06 09:30:00,0,0
2019-05-06 09:45:00,0,0
2019-05-06 10:00:00,0,0
2019-05-06 10:15:00,0,0
2019-05-06 10:30:00,0,0
2019-05-06 10:45:00,0,0
2019-05-06 11:00:00,0,0
2019-05-06 11:15:00,0,0
2019-05-06 11:30:00,0,0
2019-05-06 11:45:00,0,0
2019-05-06 12:00:00,0,0
2019-05-06 12:15:00,0,0
2019-05-06 12:30:00,0,0
2019-05-06 12:45:00,0,0
2019-05-06 13:00:00,1,0
2019-05-06 13:15:00,1,1
2019-05-06 13:30:00,1,1
2019-05-06 13:45:00,1,1
2019-05-06 14:00:00,1,1
2019-05-06 14:15:00,1,1
2019-05-06 14:30:00,1,1
2019-05-06 14:45:00,1,1
2019-05-06 15:00:00,1,1
2019-05-07 08:45:00,0,1
2019-05-07 09:00:00,0,1
2019-05-07 09:15:00,0,0
2019-05-07 09:30:00,0,0
2019-05-07 09:45:00,0,0
2019-05-07 10:00:00,0,0
2019-05-07 10:15:00,0,0
2019-05-07 10:30:00,0,0
2019-05-07 10:45:00,0,0
2019-05-07 11:00:00,0,0
2019-05-07 11:15:00,0,0
2019-05-07 11:30:00,0,0
2019-05-07 11:45:00,0,0
2019-05-07 12:00:00,0,0
2019-05-07 12:15:00,0,0
2019-05-07 12:30:00,0,0
2019-05-07 12:45:00,0,0
2019-05-07 13:00:00,0,0
2019-05-07 13:15:00,0,0
2019-05-07 13:30:00,1,0
2019-05-07 13:45:00,1,0
2019-05-07 14:00:00,1,0
2019-05-07 14:15:00,1,0
2019-05-07 14:30:00,0,0
2019-05-07 14:45:00,0,0
2019-05-07 15:00:00,0,0
2019-05-08 08:45:00,1,0
2019-05-08 09:00:00,1,0
2019-05-08 09:15:00,1,0
2019-05-08 09:30:00,1,0
2019-05-08 09:45:00,1,0
2019-05-08 10:00:00,1,1
2019-05-08 10:15:00,1,0
2019-05-08 10:30:00,1,0
2019-05-08 10:45:00,1,0
2019-05-08 11:00:00,1,0
2019-05-08 11:15:00,1,1
2019-05-08 11:30:00,1,1
2019-05-08 11:45:00,1,1
2019-05-08 12:00:00,1,1
2019-05-08 12:15:00,1,1
2019-05-08 12:30:00,1,1
2019-05-08 12:45:00,1,1
2019-05-08 13:00:00,1,1
2019-05-08 13:15:00,1,1
2019-05-08 13:30:00,1,1
2019-05-08 13:45:00,1,1
2019-05-08 14:00:00,1,1
2019-05-08 14:15:00,1,1
2019-05-08 14:30:00,1,1
2019-05-08 14:45:00,1,1
2019-05-08 15:00:00,1,1
2019-05-09 08:45:00,0,0
2019-05-09 09:00:00,0,0
2019-05-09 09:15:00,0,0
2019-05-09 09:30:00,0,0
2019-05-09 09:45:00,0,0
2019-05-09 10:00:00,0,0
2019-05-09 10:15:00,0,0
2019-05-09 10:30:00,0,0
2019-05-09 10:45:00,0,0
2019-05-09 11:00:00,0,0
2019-05-09 11:15:00,0,0
2019-05-09 11:30:00,0,0
2019-05-09 11:45:00,0,0
2019-05-09 12:00:00,0,0
2019-05-09 12:15:00,0,0
2019-05-09 12:30:00,0,0
2019-05-09 12:45:00,0,1
2019-05-09 13:00:00,0,1
2019-05-09 13:15:00,0,0
2019-05-09 13:30:00,0,0
2019-05-09 13:45:00,0,1
2019-05-09 14:00:00,0,0
2019-05-09 14:15:00,0,1
2019-05-09 14:30:00,0,0
2019-05-09 14:45:00,0,1
2019-05-09 15:00:00,1,0
2019-05-10 08:45:00,1,0
2019-05-10 09:00:00,1,0
2019-05-10 09:15:00,1,0
2019-05-10 09:30:00,1,0
2019-05-10 09:45:00,1,0
2019-05-10 10:00:00,0,0
2019-05-10 10:15:00,0,0
2019-05-10 10:30:00,0,0
2019-05-10 10:45:00,0,0
2019-05-10 11:00:00,0,0
2019-05-10 11:15:00,0,0
2019-05-10 11:30:00,0,0
2019-05-10 11:45:00,0,0
2019-05-10 12:00:00,0,0
2019-05-10 12:15:00,0,1
2019-05-10 12:30:00,0,0
2019-05-10 12:45:00,0,0
2019-05-10 13:00:00,0,1
2019-05-10 13:15:00,0,0
2019-05-10 13:30:00,0,0
2019-05-10 13:45:00,0,1
2019-05-10 14:00:00,0,0
2019-05-10 14:15:00,0,0
2019-05-10 14:30:00,0,0
2019-05-10 14:45:00,0,0
2019-05-10 15:00:00,0,0
2019-05-13 08:45:00,0,0
2019-05-13 09:00:00,0,0
2019-05-13 09:15:00,0,0
2019-05-13 09:30:00,0,0
2019-05-13 09:45:00,0,0
2019-05-13 10:00:00,0,0
2019-05-13 10:15:00,0,0
2019-05-13 10:30:00,0,0
2019-05-13 10:45:00,0,0
2019-05-13 11:00:00,0,0
2019-05-13 11:15:00,0,1
2019-05-13 11:30:00,0,1
2019-05-13 11:45:00,0,1
2019-05-13 12:00:00,0,0
2019-05-13 12:15:00,0,0
2019-05-13 12:30:00,0,0
2019-05-13 12:45:00,0,1
2019-05-13 13:00:00,0,0
2019-05-13 13:15:00,0,1
2019-05-13 13:30:00,1,1
2019-05-13 13:45:00,1,0
2019-05-13 14:00:00,1,1
2019-05-13 14:15:00,1,0
2019-05-13 14:30:00,1,0
2019-05-13 14:45:00,1,0
2019-05-13 15:00:00,1,0
2019-05-14 08:45:00,1,0
2019-05-14 09:00:00,1,0
2019-05-14 09:15:00,1,0
2019-05-14 09:30:00,1,1
2019-05-14 09:45:00,0,0
2019-05-14 10:00:00,0,0
2019-05-14 10:15:00,0,0
2019-05-14 10:30:00,0,0
2019-05-14 10:45:00,0,0
2019-05-14 11:00:00,0,0
2019-05-14 11:15:00,0,0
2019-05-14 11:30:00,0,0
2019-05-14 11:45:00,0,0
2019-05-14 12:00:00,0,1
2019-05-14 12:15:00,0,1
2019-05-14 12:30:00,0,1
2019-05-14 12:45:00,0,1
2019-05-14 13:00:00,0,1
2019-05-14 13:15:00,0,0
2019-05-14 13:30:00,0,0
2019-05-14 13:45:00,0,1
2019-05-14 14:00:00,0,0
2019-05-14 14:15:00,1,0
2019-05-14 14:30:00,1,0
2019-05-14 14:45:00,1,0
2019-05-14 15:00:00,0,0
2019-05-15 08:45:00,0,0
2019-05-15 09:00:00,0,0
2019-05-15 09:15:00,0,0
2019-05-15 09:30:00,0,0
2019-05-15 09:45:00,0,0
2019-05-15 10:00:00,0,0
2019-05-15 10:15:00,0,0
2019-05-15 10:30:00,0,0
2019-05-15 10:45:00,0,0
2019-05-15 11:00:00,0,0
2019-05-15 11:15:00,0,0
2019-05-15 11:30:00,0,1
2019-05-15 11:45:00,0,1
2019-05-15 12:00:00,0,1
2019-05-15 12:15:00,0,1
2019-05-15 12:30:00,0,1
2019-05-15 12:45:00,0,0
2019-05-15 13:00:00,0,1
2019-05-15 13:15:00,0,1
2019-05-15 13:30:00,0,1
2019-05-15 13:45:00,0,1
2019-05-15 14:00:00,0,1
2019-05-15 14:15:00,0,1
2019-05-15 14:30:00,1,1
2019-05-15 14:45:00,1,1
2019-05-15 15:00:00,1,0
2019-05-16 08:45:00,1,0
2019-05-16 09:00:00,0,0
2019-05-16 09:15:00,0,0
2019-05-16 09:30:00,0,0
2019-05-16 09:45:00,0,0
2019-05-16 10:00:00,0,0
2019-05-16 10:15:00,0,0
2019-05-16 10:30:00,0,0
2019-05-16 10:45:00,0,0
2019-05-16 11:00:00,0,0
2019-05-16 11:15:00,0,0
2019-05-16 11:30:00,0,0
2019-05-16 11:45:00,0,0
2019-05-16 12:00:00,0,0
2019-05-16 12:15:00,0,0
2019-05-16 12:30:00,0,0
2019-05-16 12:45:00,0,1
2019-05-16 13:00:00,0,1
2019-05-16 13:15:00,0,1
2019-05-16 13:30:00,1,1
2019-05-16 13:45:00,1,1
2019-05-16 14:00:00,1,1
2019-05-16 14:15:00,1,1
2019-05-16 14:30:00,1,1
2019-05-16 14:45:00,1,0
2019-05-16 15:00:00,1,0
2019-05-17 08:45:00,0,0
2019-05-17 09:00:00,0,0
2019-05-17 09:15:00,0,0
2019-05-17 09:30:00,0,0
2019-05-17 09:45:00,0,0
2019-05-17 10:00:00,0,1
2019-05-17 10:15:00,0,0
2019-05-17 10:30:00,0,1
2019-05-17 10:45:00,0,0
2019-05-17 11:00:00,0,0
2019-05-17 11:15:00,0,0
2019-05-17 11:30:00,0,0
2019-05-17 11:45:00,0,1
2019-05-17 12:00:00,0,1
2019-05-17 12:15:00,1,0
2019-05-17 12:30:00,1,0
2019-05-17 12:45:00,1,0
2019-05-17 13:00:00,1,0
2019-05-17 13:15:00,0,1
2019-05-17 13:30:00,0,0
2019-05-17 13:45:00,0,1
2019-05-17 14:00:00,0,1
2019-05-17 14:15:00,1,1
2019-05-17 14:30:00,1,0
2019-05-17 14:45:00,1,0
2019-05-17 15:00:00,1,0
2019-05-20 08:45:00,1,0
2019-05-20 09:00:00,1,0
2019-05-20 09:15:00,1,0
2019-05-20 09:30:00,1,0
2019-05-20 09:45:00,1,0
2019-05-20 10:00:00,1,0
2019-05-20 10:15:00,1,0
2019-05-20 10:30:00,1,0
2019-05-20 10:45:00,1,0
2019-05-20 11:00:00,1,1
2019-05-20 11:15:00,1,1
2019-05-20 11:30:00,1,1
2019-05-20 11:45:00,1,1
2019-05-20 12:00:00,1,0
2019-05-20 12:15:00,1,1
2019-05-20 12:30:00,1,1
2019-05-20 12:45:00,1,1
2019-05-20 13:00:00,1,1
2019-05-20 13:15:00,1,1
2019-05-20 13:30:00,1,1
2019-05-20 13:45:00,1,1
2019-05-20 14:00:00,1,1
2019-05-20 14:15:00,1,1
2019-05-20 14:30:00,1,1
2019-05-20 14:45:00,1,0
2019-05-20 15:00:00,1,0
2019-05-21 08:45:00,1,0
2019-05-21 09:00:00,1,0
2019-05-21 09:15:00,1,0
2019-05-21 09:30:00,1,1
2019-05-21 09:45:00,1,0
2019-05-21 10:00:00,1,0
2019-05-21 10:15:00,1,0
2019-05-21 10:30:00,1,1
2019-05-21 10:45:00,1,1
2019-05-21 11:00:00,1,1
2019-05-21 11:15:00,1,1
2019-05-21 11:30:00,1,1
2019-05-21 11:45:00,1,1
2019-05-21 12:00:00,1,1
2019-05-21 12:15:00,1,1
2019-05-21 12:30:00,1,1
2019-05-21 12:45:00,1,1
2019-05-21 13:00:00,1,1
2019-05-21 13:15:00,1,1
2019-05-21 13:30:00,1,1
2019-05-21 13:45:00,1,1
2019-05-21 14:00:00,1,1
2019-05-21 14:15:00,1,1
2019-05-21 14:30:00,1,1
2019-05-21 14:45:00,1,1
2019-05-21 15:00:00,1,0
2019-05-22 08:45:00,1,0
2019-05-22 09:00:00,1,0
2019-05-22 09:15:00,1,0
2019-05-22 09:30:00,1,0
2019-05-22 09:45:00,0,0
2019-05-22 10:00:00,0,1
2019-05-22 10:15:00,0,0
2019-05-22 10:30:00,0,1
2019-05-22 10:45:00,0,1
2019-05-22 11:00:00,0,1
2019-05-22 11:15:00,0,1
2019-05-22 11:30:00,0,1
2019-05-22 11:45:00,0,1
2019-05-22 12:00:00,0,1
2019-05-22 12:15:00,0,1
2019-05-22 12:30:00,0,1
2019-05-22 12:45:00,0,1
2019-05-22 13:00:00,1,1
2019-05-22 13:15:00,1,1
2019-05-22 13:30:00,1,0
2019-05-22 13:45:00,1,1
2019-05-22 14:00:00,1,1
2019-05-22 14:15:00,1,1
2019-05-22 14:30:00,1,1
2019-05-22 14:45:00,1,1
2019-05-22 15:00:00,1,1
2019-05-23 08:45:00,0,0
2019-05-23 09:00:00,0,0
2019-05-23 09:15:00,0,0
2019-05-23 09:30:00,0,0
2019-05-23 09:45:00,0,0
2019-05-23 10:00:00,0,0
2019-05-23 10:15:00,0,0
2019-05-23 10:30:00,0,0
2019-05-23 10:45:00,0,0
2019-05-23 11:00:00,0,0
2019-05-23 11:15:00,0,0
2019-05-23 11:30:00,0,0
2019-05-23 11:45:00,0,0
2019-05-23 12:00:00,0,0
2019-05-23 12:15:00,0,0
2019-05-23 12:30:00,0,0
2019-05-23 12:45:00,0,0
2019-05-23 13:00:00,0,0
2019-05-23 13:15:00,0,0
2019-05-23 13:30:00,1,0
2019-05-23 13:45:00,0,1
2019-05-23 14:00:00,0,0
2019-05-23 14:15:00,0,0
2019-05-23 14:30:00,0,0
2019-05-23 14:45:00,0,0
2019-05-23 15:00:00,0,0
2019-05-24 08:45:00,0,0
2019-05-24 09:00:00,0,0
2019-05-24 09:15:00,0,0
2019-05-24 09:30:00,0,0
2019-05-24 09:45:00,0,1
2019-05-24 10:00:00,0,1
2019-05-24 10:15:00,0,0
2019-05-24 10:30:00,0,1
2019-05-24 10:45:00,0,1
2019-05-24 11:00:00,0,1
2019-05-24 11:15:00,0,1
2019-05-24 11:30:00,0,1
2019-05-24 11:45:00,0,1
2019-05-24 12:00:00,0,1
2019-05-24 12:15:00,0,1
2019-05-24 12:30:00,0,1
2019-05-24 12:45:00,0,1
2019-05-24 13:00:00,0,1
2019-05-24 13:15:00,0,1
2019-05-24 13:30:00,1,1
2019-05-24 13:45:00,0,1
2019-05-24 14:00:00,0,1
2019-05-24 14:15:00,0,1
2019-05-24 14:30:00,0,1
2019-05-24 14:45:00,0,1
2019-05-24 15:00:00,0,0
2019-05-28 08:45:00,1,0
2019-05-28 09:00:00,1,0
2019-05-28 09:15:00,1,0
2019-05-28 09:30:00,1,0
2019-05-28 09:45:00,1,1
2019-05-28 10:00:00,1,1
2019-05-28 10:15:00,1,0
2019-05-28 10:30:00,1,1
2019-05-28 10:45:00,1,1
2019-05-28 11:00:00,1,1
2019-05-28 11:15:00,1,1
2019-05-28 11:30:00,1,1
2019-05-28 11:45:00,1,1
2019-05-28 12:00:00,1,1
2019-05-28 12:15:00,1,1
2019-05-28 12:30:00,1,1
2019-05-28 12:45:00,1,1
2019-05-28 13:00:00,1,1
2019-05-28 13:15:00,1,1
2019-05-28 13:30:00,1,1
2019-05-28 13:45:00,1,1
2019-05-28 14:00:00,1,1
2019-05-28 14:15:00,1,1
2019-05-28 14:30:00,1,1
2019-05-28 14:45:00,1,1
2019-05-28 15:00:00,0,0
2019-05-29 08:45:00,0,0
2019-05-29 09:00:00,0,0
2019-05-29 09:15:00,0,0
2019-05-29 09:30:00,0,0
2019-05-29 09:45:00,0,0
2019-05-29 10:00:00,0,1
2019-05-29 10:15:00,0,1
2019-05-29 10:30:00,0,0
2019-05-29 10:45:00,0,1
2019-05-29 11:00:00,0,0
2019-05-29 11:15:00,0,0
2019-05-29 11:30:00,0,0
2019-05-29 11:45:00,0,0
2019-05-29 12:00:00,0,1
2019-05-29 12:15:00,0,1
2019-05-29 12:30:00,0,1
2019-05-29 12:45:00,0,1
2019-05-29 13:00:00,1,1
2019-05-29 13:15:00,1,1
2019-05-29 13:30:00,1,1
2019-05-29 13:45:00,1,0
2019-05-29 14:00:00,1,1
2019-05-29 14:15:00,1,1
2019-05-29 14:30:00,1,1
2019-05-29 14:45:00,1,0
2019-05-29 15:00:00,1,0
2019-05-30 08:45:00,1,0
2019-05-30 09:00:00,0,0
2019-05-30 09:15:00,0,0
2019-05-30 09:30:00,0,0
2019-05-30 09:45:00,0,1
2019-05-30 10:00:00,0,1
2019-05-30 10:15:00,0,0
2019-05-30 10:30:00,0,1
2019-05-30 10:45:00,0,0
2019-05-30 11:00:00,0,1
2019-05-30 11:15:00,0,1
2019-05-30 11:30:00,0,1
2019-05-30 11:45:00,0,0
2019-05-30 12:00:00,0,1
2019-05-30 12:15:00,0,1
2019-05-30 12:30:00,0,1
2019-05-30 12:45:00,0,1
2019-05-30 13:00:00,0,1
2019-05-30 13:15:00,0,1
2019-05-30 13:30:00,0,1
2019-05-30 13:45:00,0,0
2019-05-30 14:00:00,0,0
2019-05-30 14:15:00,0,0
2019-05-30 14:30:00,0,0
2019-05-30 14:45:00,0,0
2019-05-30 15:00:00,0,0
2019-05-31 08:45:00,0,0
2019-05-31 09:00:00,0,0
2019-05-31 09:15:00,0,0
2019-05-31 09:30:00,0,0
2019-05-31 09:45:00,0,0
2019-05-31 10:00:00,0,0
2019-05-31 10:15:00,0,0
2019-05-31 10:30:00,0,0
2019-05-31 10:45:00,0,0
2019-05-31 11:00:00,0,0
2019-05-31 11:15:00,0,0
2019-05-31 11:30:00,0,1
2019-05-31 11:45:00,1,1
2019-05-31 12:00:00,1,1
2019-05-31 12:15:00,1,1
2019-05-31 12:30:00,1,1
2019-05-31 12:45:00,1,1
2019-05-31 13:00:00,1,1
2019-05-31 13:15:00,1,1
2019-05-31 13:30:00,1,1
2019-05-31 13:45:00,1,1
2019-05-31 14:00:00,1,1
2019-05-31 14:15:00,1,1
2019-05-31 14:30:00,1,1
2019-05-31 14:45:00,1,0
2019-05-31 15:00:00,1,0
2019-06-03 08:45:00,1,0
2019-06-03 09:00:00,1,0
2019-06-03 09:15:00,1,1
2019-06-03 09:30:00,1,0
2019-06-03 09:45:00,1,0
2019-06-03 10:00:00,1,0
2019-06-03 10:15:00,1,1
2019-06-03 10:30:00,1,1
2019-06-03 10:45:00,1,0
2019-06-03 11:00:00,1,1
2019-06-03 11:15:00,1,0
2019-06-03 11:30:00,1,0
2019-06-03 11:45:00,1,1
2019-06-03 12:00:00,1,0
2019-06-03 12:15:00,1,1
2019-06-03 12:30:00,1,1
2019-06-03 12:45:00,1,0
2019-06-03 13:00:00,1,1
2019-06-03 13:15:00,1,1
2019-06-03 13:30:00,1,1
2019-06-03 13:45:00,1,1
2019-06-03 14:00:00,1,1
2019-06-03 14:15:00,1,0
2019-06-03 14:30:00,1,0
2019-06-03 14:45:00,1,0
2019-06-03 15:00:00,1,0
2019-06-04 08:45:00,1,0
2019-06-04 09:00:00,0,0
2019-06-04 09:15:00,0,0
2019-06-04 09:30:00,0,0
2019-06-04 09:45:00,0,0
2019-06-04 10:00:00,0,0
2019-06-04 10:15:00,0,0
2019-06-04 10:30:00,0,0
2019-06-04 10:45:00,0,0
2019-06-04 11:00:00,0,0
2019-06-04 11:15:00,0,0
2019-06-04 11:30:00,0,0
2019-06-04 11:45:00,0,1
2019-06-04 12:00:00,0,1
2019-06-04 12:15:00,0,1
2019-06-04 12:30:00,0,1
2019-06-04 12:45:00,0,1
2019-06-04 13:00:00,0,1
2019-06-04 13:15:00,0,1
2019-06-04 13:30:00,0,1
2019-06-04 13:45:00,0,1
2019-06-04 14:00:00,0,1
2019-06-04 14:15:00,1,1
2019-06-04 14:30:00,1,1
2019-06-04 14:45:00,1,0
2019-06-04 15:00:00,1,0
2019-06-05 08:45:00,1,0
2019-06-05 09:00:00,1,0
2019-06-05 09:15:00,1,0
2019-06-05 09:30:00,1,0
2019-06-05 09:45:00,1,1
2019-06-05 10:00:00,1,1
2019-06-05 10:15:00,1,1
2019-06-05 10:30:00,1,1
2019-06-05 10:45:00,1,1
2019-06-05 11:00:00,1,1
2019-06-05 11:15:00,1,1
2019-06-05 11:30:00,1,1
2019-06-05 11:45:00,1,1
2019-06-05 12:00:00,1,0
2019-06-05 12:15:00,1,1
2019-06-05 12:30:00,0,1
2019-06-05 12:45:00,0,1
2019-06-05 13:00:00,0,1
2019-06-05 13:15:00,0,1
2019-06-05 13:30:00,0,1
2019-06-05 13:45:00,0,1
2019-06-05 14:00:00,0,1
2019-06-05 14:15:00,0,1
2019-06-05 14:30:00,0,1
2019-06-05 14:45:00,0,1
2019-06-05 15:00:00,1,1
2019-06-06 08:45:00,1,0
2019-06-06 09:00:00,1,0
2019-06-06 09:15:00,0,0
2019-06-06 09:30:00,0,1
2019-06-06 09:45:00,0,1
2019-06-06 10:00:00,0,0
2019-06-06 10:15:00,0,0
2019-06-06 10:30:00,0,0
2019-06-06 10:45:00,0,1
2019-06-06 11:00:00,0,1
2019-06-06 11:15:00,0,1
2019-06-06 11:30:00,0,1
2019-06-06 11:45:00,0,1
2019-06-06 12:00:00,0,1
2019-06-06 12:15:00,0,1
2019-06-06 12:30:00,0,1
2019-06-06 12:45:00,0,1
2019-06-06 13:00:00,0,1
2019-06-06 13:15:00,0,1
2019-06-06 13:30:00,0,1
2019-06-06 13:45:00,0,1
2019-06-06 14:00:00,0,0
2019-06-06 14:15:00,0,1
2019-06-06 14:30:00,0,1
2019-06-06 14:45:00,0,1
2019-06-06 15:00:00,0,0
2019-06-07 08:45:00,0,0
2019-06-07 09:00:00,0,0
2019-06-07 09:15:00,0,0
2019-06-07 09:30:00,0,0
2019-06-07 09:45:00,0,0
2019-06-07 10:00:00,0,0
2019-06-07 10:15:00,0,0
2019-06-07 10:30:00,0,0
2019-06-07 10:45:00,0,0
2019-06-07 11:00:00,0,1
2019-06-07 11:15:00,0,1
2019-06-07 11:30:00,0,1
2019-06-07 11:45:00,0,1
2019-06-07 12:00:00,0,1
2019-06-07 12:15:00,0,1
2019-06-07 12:30:00,0,1
2019-06-07 12:45:00,0,1
2019-06-07 13:00:00,0,1
2019-06-07 13:15:00,1,1
2019-06-07 13:30:00,1,1
2019-06-07 13:45:00,1,1
2019-06-07 14:00:00,1,1
2019-06-07 14:15:00,1,1
2019-06-07 14:30:00,1,1
2019-06-07 14:45:00,1,0
2019-06-07 15:00:00,1,1
2019-06-10 08:45:00,0,0
2019-06-10 09:00:00,0,0
2019-06-10 09:15:00,0,0
2019-06-10 09:30:00,0,0
2019-06-10 09:45:00,0,0
2019-06-10 10:00:00,0,0
2019-06-10 10:15:00,0,0
2019-06-10 10:30:00,0,0
2019-06-10 10:45:00,0,1
2019-06-10 11:00:00,0,1
2019-06-10 11:15:00,0,0
2019-06-10 11:30:00,0,1
2019-06-10 11:45:00,0,1
2019-06-10 12:00:00,0,1
2019-06-10 12:15:00,0,1
2019-06-10 12:30:00,0,1
2019-06-10 12:45:00,0,1
2019-06-10 13:00:00,0,1
2019-06-10 13:15:00,0,1
2019-06-10 13:30:00,1,1
2019-06-10 13:45:00,1,1
2019-06-10 14:00:00,1,1
2019-06-10 14:15:00,1,1
2019-06-10 14:30:00,1,1
2019-06-10 14:45:00,1,0
2019-06-10 15:00:00,1,0
2019-06-11 08:45:00,1,0
2019-06-11 09:00:00,1,0
2019-06-11 09:15:00,0,0
2019-06-11 09:30:00,0,0
2019-06-11 09:45:00,1,0
2019-06-11 10:00:00,1,0
2019-06-11 10:15:00,1,0
2019-06-11 10:30:00,1,0
2019-06-11 10:45:00,1,1
2019-06-11 11:00:00,1,0
2019-06-11 11:15:00,1,0
2019-06-11 11:30:00,1,1
2019-06-11 11:45:00,0,1
2019-06-11 12:00:00,0,1
2019-06-11 12:15:00,0,1
2019-06-11 12:30:00,0,1
2019-06-11 12:45:00,0,1
2019-06-11 13:00:00,0,1
2019-06-11 13:15:00,0,1
2019-06-11 13:30:00,0,1
2019-06-11 13:45:00,0,1
2019-06-11 14:00:00,0,1
2019-06-11 14:15:00,0,1
2019-06-11 14:30:00,1,1
2019-06-11 14:45:00,1,1
2019-06-11 15:00:00,1,0
2019-06-12 08:45:00,1,0
2019-06-12 09:00:00,1,0
2019-06-12 09:15:00,1,0
2019-06-12 09:30:00,0,0
2019-06-12 09:45:00,0,0
2019-06-12 10:00:00,0,0
2019-06-12 10:15:00,0,1
2019-06-12 10:30:00,0,0
2019-06-12 10:45:00,0,0
2019-06-12 11:00:00,0,0
2019-06-12 11:15:00,0,0
2019-06-12 11:30:00,0,0
2019-06-12 11:45:00,0,0
2019-06-12 12:00:00,0,1
2019-06-12 12:15:00,0,1
2019-06-12 12:30:00,0,1
2019-06-12 12:45:00,0,1
2019-06-12 13:00:00,0,1
2019-06-12 13:15:00,0,1
2019-06-12 13:30:00,0,1
2019-06-12 13:45:00,0,1
2019-06-12 14:00:00,0,1
2019-06-12 14:15:00,1,1
2019-06-12 14:30:00,1,1
2019-06-12 14:45:00,1,1
2019-06-12 15:00:00,1,0
